request_id,created_hour,repeat_report_count,image_quality_score,nearby_asset_age_years,description_word_count,previous_resolution_days,channel_call_centre,channel_mobile_app,channel_service_office,channel_web_portal,urgency_level_high,urgency_level_low,urgency_level_medium,recent_rain_flag_no,recent_rain_flag_yes,target_id,split
REQ-10001,0.6937357,-0.10890656,0.42536533,0.0058822776,-0.47701254,0.6004099,1.0,0.0,0.0,0.0,0.0,0.0,1.0,0.0,1.0,2,test
REQ-10002,-0.96648645,-0.10890656,-0.85195714,-0.15630826,0.02636749,-0.06440812,0.0,1.0,0.0,0.0,0.0,0.0,1.0,0.0,1.0,2,train
REQ-10003,1.0257802,-0.58537275,1.2260753,0.8454575,0.36195418,-0.5229034,0.0,1.0,0.0,0.0,0.0,0.0,1.0,1.0,0.0,2,train
REQ-10004,-0.4684198,-1.061839,-0.2800218,-0.4234459,0.5297475,0.5087109,0.0,1.0,0.0,0.0,0.0,0.0,1.0,1.0,0.0,2,validation
REQ-10005,1.0257802,-0.58537275,-0.31179595,0.9694856,-0.6448059,0.07314032,1.0,0.0,0.0,0.0,0.0,0.0,1.0,0.0,1.0,2,train
REQ-10006,0.02964687,-1.5383052,-0.22918299,-0.54747397,-1.1481858,-0.56875294,0.0,0.0,0.0,1.0,0.0,0.0,1.0,1.0,0.0,2,train
REQ-10007,-0.4684198,-0.10890656,1.9187526,-0.24217404,0.36195418,0.41701177,0.0,0.0,0.0,1.0,0.0,0.0,1.0,0.0,1.0,2,train
REQ-10008,0.02964687,0.36755967,0.55246234,0.49245426,-1.1481858,-0.36243007,0.0,0.0,0.0,1.0,0.0,1.0,0.0,1.0,0.0,2,train
REQ-10009,-1.1325086,-0.58537275,1.7471718,-0.089523986,-0.14142585,-0.63752717,0.0,0.0,0.0,1.0,0.0,0.0,1.0,0.0,1.0,2,test
REQ-10010,0.02964687,-0.10890656,0.59059125,0.57831985,0.36195418,-0.45412916,0.0,1.0,0.0,0.0,0.0,0.0,1.0,0.0,1.0,2,train
REQ-10011,1.0257802,-1.061839,0.9210428,0.55923873,0.36195418,-0.22488153,0.0,0.0,0.0,1.0,0.0,0.0,1.0,0.0,1.0,2,validation
REQ-10012,0.19566908,-0.10890656,-1.3539894,-0.6333397,0.19416083,-0.9126244,0.0,1.0,0.0,0.0,0.0,0.0,1.0,0.0,1.0,2,train
REQ-10013,-1.2985309,-1.061839,-0.8837313,0.27301994,-0.30921918,-0.5458282,0.0,0.0,0.0,1.0,0.0,0.0,1.0,0.0,1.0,2,train
REQ-10014,-0.4684198,-0.58537275,0.11397844,-0.44252706,0.19416083,-0.88969964,1.0,0.0,0.0,0.0,0.0,1.0,0.0,0.0,1.0,2,train
REQ-10015,-1.2985309,-1.061839,-0.5215056,2.2383888,-0.9803926,0.64625937,0.0,0.0,1.0,0.0,0.0,1.0,0.0,0.0,1.0,2,train
REQ-10016,-1.2985309,1.3204921,0.22836559,1.675492,0.36195418,0.5316356,0.0,1.0,0.0,0.0,0.0,1.0,0.0,0.0,1.0,2,train
REQ-10017,1.0257802,-0.10890656,-0.08302168,1.0744324,0.02636749,0.1648395,0.0,1.0,0.0,0.0,0.0,0.0,1.0,0.0,1.0,2,validation
REQ-10018,0.02964687,-1.5383052,-0.91550547,0.49245426,-0.30921918,0.18776414,0.0,1.0,0.0,0.0,0.0,0.0,1.0,0.0,1.0,2,validation
REQ-10019,0.3616913,-0.58537275,0.79394615,0.69280744,-0.30921918,-0.22488153,0.0,1.0,0.0,0.0,0.0,0.0,1.0,1.0,0.0,2,train
REQ-10020,-1.2985309,-0.58537275,-0.3054412,-0.27079585,-1.4837726,-0.660452,0.0,1.0,0.0,0.0,1.0,0.0,0.0,0.0,1.0,2,train
REQ-10021,0.52771354,0.36755967,0.03136546,1.4465169,0.6975409,1.1047547,0.0,1.0,0.0,0.0,0.0,0.0,1.0,0.0,1.0,2,validation
REQ-10022,0.3616913,1.3204921,0.7303978,0.14899167,-1.3159792,0.004366211,0.0,0.0,0.0,1.0,0.0,1.0,0.0,1.0,0.0,2,train
REQ-10023,0.52771354,-1.061839,0.83207506,1.8758451,0.19416083,-0.88969964,0.0,1.0,0.0,0.0,1.0,0.0,0.0,1.0,0.0,2,test
REQ-10024,-0.13637535,-0.58537275,-0.76934415,0.33026353,-0.30921918,0.57748526,0.0,0.0,1.0,0.0,0.0,0.0,1.0,1.0,0.0,2,train
REQ-10025,0.3616913,0.36755967,0.22201045,0.397048,-1.3159792,1.7237234,0.0,1.0,0.0,0.0,0.0,0.0,1.0,0.0,1.0,2,train
REQ-10026,0.52771354,-0.58537275,-0.5087957,0.5878605,-0.81259924,0.7150337,0.0,0.0,0.0,1.0,0.0,1.0,0.0,0.0,1.0,2,train
REQ-10027,0.19566908,-1.061839,-0.5977634,1.03627,0.6975409,0.14191465,0.0,0.0,0.0,1.0,0.0,0.0,1.0,1.0,0.0,2,train
REQ-10028,0.6937357,0.36755967,0.34910747,-0.35666147,-0.9803926,0.1648395,1.0,0.0,0.0,0.0,0.0,0.0,1.0,0.0,1.0,2,train
REQ-10029,0.6937357,-0.58537275,-0.629538,0.072666734,-0.81259924,1.1964538,0.0,1.0,0.0,0.0,1.0,0.0,0.0,0.0,1.0,2,validation
REQ-10030,1.0257802,-1.5383052,-0.14021525,0.7118886,-0.81259924,-0.36243007,0.0,1.0,0.0,0.0,0.0,0.0,1.0,1.0,0.0,2,train
REQ-10031,-0.63444203,0.84402585,-0.62318283,1.2557044,0.6975409,0.62333477,1.0,0.0,0.0,0.0,0.0,1.0,0.0,0.0,1.0,2,train
REQ-10032,-0.13637535,-0.58537275,-0.24824764,-0.3471208,-0.14142585,0.8067329,0.0,1.0,0.0,0.0,0.0,1.0,0.0,0.0,1.0,2,test
REQ-10033,-0.30239758,-1.061839,0.08855903,1.6182481,0.19416083,0.11899003,0.0,0.0,0.0,1.0,1.0,0.0,0.0,1.0,0.0,2,train
REQ-10034,-0.63444203,-0.58537275,0.17752677,0.26347926,-0.14142585,-0.3165806,0.0,0.0,0.0,1.0,1.0,0.0,0.0,1.0,0.0,2,train
REQ-10035,0.3616913,0.36755967,-0.16563466,0.35888553,-0.9803926,-0.95847386,0.0,0.0,0.0,1.0,0.0,0.0,1.0,1.0,0.0,2,train
REQ-10036,0.3616913,-0.58537275,-0.39440894,-0.52839285,-0.81259924,0.027290843,0.0,0.0,0.0,1.0,0.0,0.0,1.0,0.0,1.0,2,validation
REQ-10037,-1.2985309,-0.58537275,0.6033008,0.77867305,-0.81259924,1.1047547,1.0,0.0,0.0,0.0,0.0,1.0,0.0,0.0,1.0,2,train
REQ-10038,-1.1325086,-0.10890656,1.3213978,0.75959176,-0.9803926,0.34823766,0.0,1.0,0.0,0.0,0.0,1.0,0.0,1.0,0.0,2,train
REQ-10039,0.02964687,-1.5383052,1.6582041,0.56877923,0.02636749,-0.041483488,0.0,1.0,0.0,0.0,0.0,0.0,1.0,0.0,1.0,2,train
REQ-10040,0.85975796,-1.5383052,0.279204,0.072666734,-0.9803926,-0.5916777,1.0,0.0,0.0,0.0,0.0,0.0,1.0,0.0,1.0,2,train
REQ-10041,0.52771354,-0.58537275,0.5016235,-0.54747397,-1.6515659,-0.018558638,0.0,0.0,1.0,0.0,1.0,0.0,0.0,0.0,1.0,2,train
REQ-10042,0.6937357,-1.061839,0.30462343,0.32072306,0.36195418,0.9672062,1.0,0.0,0.0,0.0,1.0,0.0,0.0,0.0,1.0,2,train
REQ-10043,-0.8004642,-0.10890656,-0.6803764,0.49245426,-0.47701254,1.1276795,0.0,1.0,0.0,0.0,0.0,1.0,0.0,1.0,0.0,2,train
REQ-10044,-0.4684198,0.36755967,-0.64860225,0.7023481,0.5297475,1.5174004,1.0,0.0,0.0,0.0,0.0,0.0,1.0,0.0,1.0,2,train
REQ-10045,-1.2985309,1.3204921,0.6033008,0.23485728,0.02636749,-0.270731,0.0,1.0,0.0,0.0,0.0,0.0,1.0,0.0,1.0,2,test
REQ-10046,0.02964687,-0.58537275,0.361817,0.6164823,0.19416083,-0.8438501,0.0,0.0,0.0,1.0,0.0,0.0,1.0,0.0,1.0,2,train
REQ-10047,-1.2985309,0.36755967,0.21565568,0.14899167,-0.30921918,-0.20195678,0.0,1.0,0.0,0.0,0.0,0.0,1.0,1.0,0.0,2,train
REQ-10048,0.85975796,2.2734246,-0.9282153,-0.27079585,-0.9803926,0.46286145,0.0,0.0,0.0,1.0,0.0,0.0,1.0,0.0,1.0,2,train
REQ-10049,-0.13637535,-0.58537275,1.9759461,0.3398042,0.5297475,0.8525824,0.0,0.0,1.0,0.0,0.0,0.0,1.0,1.0,0.0,2,train
REQ-10050,-1.2985309,-0.10890656,-0.019473352,0.17761366,-0.30921918,-0.1102576,1.0,0.0,0.0,0.0,0.0,1.0,0.0,1.0,0.0,2,train
REQ-10051,-0.30239758,-0.58537275,0.90197814,-0.32803965,-0.9803926,0.8525824,0.0,1.0,0.0,0.0,0.0,0.0,1.0,1.0,0.0,2,train
REQ-10052,0.85975796,1.3204921,0.101268545,0.75959176,-1.4837726,-0.08733297,0.0,0.0,0.0,1.0,0.0,1.0,0.0,1.0,0.0,2,train
REQ-10053,-1.1325086,-0.58537275,1.9759461,-0.10860513,-0.30921918,0.92135674,0.0,1.0,0.0,0.0,1.0,0.0,0.0,0.0,1.0,2,validation
REQ-10054,0.19566908,-0.58537275,-0.8583119,-0.22309272,-0.30921918,-0.3165806,1.0,0.0,0.0,0.0,1.0,0.0,0.0,0.0,1.0,2,train
REQ-10055,0.85975796,0.36755967,0.762172,0.06312607,-0.30921918,0.23361383,0.0,0.0,1.0,0.0,1.0,0.0,0.0,0.0,1.0,2,train
REQ-10056,0.85975796,-0.10890656,-0.9218602,-0.4043646,-0.47701254,-1.7379159,0.0,0.0,0.0,1.0,1.0,0.0,0.0,0.0,1.0,2,train
REQ-10057,-0.13637535,-0.10890656,-0.5723444,0.43521047,0.36195418,-0.018558638,0.0,0.0,0.0,1.0,1.0,0.0,0.0,0.0,1.0,2,train
REQ-10058,0.02964687,-1.5383052,1.1943008,-0.98634285,-0.81259924,0.09606517,0.0,1.0,0.0,0.0,0.0,0.0,1.0,0.0,1.0,2,train
REQ-10059,1.0257802,-1.061839,0.48891366,0.397048,-0.30921918,0.004366211,0.0,0.0,0.0,1.0,0.0,1.0,0.0,0.0,1.0,2,validation
REQ-10060,-0.13637535,2.2734246,0.13939784,0.5401574,-1.8193593,-0.20195678,0.0,1.0,0.0,0.0,1.0,0.0,0.0,1.0,0.0,2,train
REQ-10061,1.0257802,-0.10890656,1.0672041,-0.07044266,-0.9803926,-0.47705388,0.0,0.0,0.0,1.0,0.0,0.0,1.0,0.0,1.0,2,train
REQ-10062,0.3616913,-0.58537275,-0.32450548,-0.33758032,0.8653342,0.14191465,0.0,0.0,0.0,1.0,0.0,1.0,0.0,0.0,1.0,2,train
REQ-10063,-0.96648645,0.36755967,1.0544946,0.4829136,0.5297475,-0.17903194,0.0,0.0,0.0,1.0,0.0,0.0,1.0,0.0,1.0,2,train
REQ-10064,0.85975796,1.3204921,0.43172047,-0.28033653,-1.1481858,1.1276795,0.0,1.0,0.0,0.0,0.0,0.0,1.0,0.0,1.0,2,validation
REQ-10065,-0.13637535,-0.10890656,-0.5087957,1.6182481,-0.14142585,-0.08733297,0.0,0.0,0.0,1.0,0.0,0.0,1.0,0.0,1.0,2,validation
REQ-10066,-1.2985309,0.84402585,-0.8392476,-0.26125517,-0.30921918,-0.06440812,0.0,0.0,0.0,1.0,0.0,1.0,0.0,0.0,1.0,2,train
REQ-10067,-0.96648645,-0.10890656,0.91468805,0.6355637,0.02636749,0.027290843,0.0,1.0,0.0,0.0,0.0,0.0,1.0,0.0,1.0,2,train
REQ-10068,-0.8004642,-1.061839,-0.051247515,0.9599449,-0.30921918,-0.018558638,0.0,0.0,0.0,1.0,0.0,0.0,1.0,0.0,1.0,2,test
REQ-10069,0.52771354,0.36755967,-0.41347322,-0.91955847,0.36195418,0.4399366,0.0,1.0,0.0,0.0,0.0,1.0,0.0,1.0,0.0,2,train
REQ-10070,-0.30239758,-0.58537275,0.08855903,0.15853234,-0.9803926,-0.61460245,0.0,0.0,0.0,1.0,1.0,0.0,0.0,0.0,1.0,2,validation
REQ-10071,0.19566908,0.36755967,-0.19105406,0.3684262,-0.47701254,0.210689,0.0,1.0,0.0,0.0,0.0,1.0,0.0,1.0,0.0,2,validation
REQ-10072,0.52771354,-0.10890656,-0.5596345,1.6277889,0.6975409,-0.270731,0.0,1.0,0.0,0.0,0.0,0.0,1.0,0.0,1.0,2,train
REQ-10073,-1.2985309,1.7969583,1.4866234,-1.1485335,-0.9803926,-0.82092535,1.0,0.0,0.0,0.0,0.0,0.0,1.0,0.0,1.0,2,train
REQ-10074,-0.4684198,-0.58537275,0.67320424,-0.33758032,-0.47701254,1.1735289,0.0,0.0,0.0,1.0,0.0,1.0,0.0,0.0,1.0,2,train
REQ-10075,-1.1325086,-0.10890656,-0.26095715,0.6355637,0.36195418,0.99013084,0.0,0.0,0.0,1.0,1.0,0.0,0.0,0.0,1.0,2,validation
REQ-10076,-0.4684198,0.36755967,0.3999459,-1.2343992,0.36195418,0.3253128,0.0,1.0,0.0,0.0,0.0,0.0,1.0,0.0,1.0,2,validation
REQ-10077,-1.1325086,-0.58537275,0.01865557,0.86453867,-0.6448059,0.5545604,0.0,0.0,0.0,1.0,1.0,0.0,0.0,1.0,0.0,2,validation
REQ-10078,-0.4684198,-0.58537275,-0.29908606,-0.41390526,-1.8193593,0.25653848,0.0,1.0,0.0,0.0,0.0,0.0,1.0,1.0,0.0,2,validation
REQ-10079,-0.4684198,-1.061839,-0.019473352,-1.1008303,-1.1481858,-0.3165806,0.0,1.0,0.0,0.0,0.0,0.0,1.0,1.0,0.0,2,train
REQ-10080,-0.4684198,-1.061839,0.101268545,-0.4329866,-0.47701254,-0.4312044,0.0,0.0,1.0,0.0,0.0,0.0,1.0,0.0,1.0,2,train
REQ-10081,-0.13637535,-0.58537275,0.1076233,0.2825604,0.5297475,-0.13318245,0.0,1.0,0.0,0.0,0.0,0.0,1.0,0.0,1.0,2,train
REQ-10082,-0.63444203,-0.58537275,1.2514943,0.0058822776,0.5297475,1.0130557,0.0,1.0,0.0,0.0,0.0,0.0,1.0,0.0,1.0,2,train
REQ-10083,-0.8004642,-1.5383052,-1.0807314,-0.060902,-0.47701254,-1.1647967,0.0,1.0,0.0,0.0,0.0,0.0,1.0,0.0,1.0,2,train
REQ-10084,-0.4684198,-1.061839,-0.089376435,0.9599449,-0.14142585,0.39408714,0.0,1.0,0.0,0.0,0.0,0.0,1.0,1.0,0.0,2,train
REQ-10085,0.85975796,-1.061839,0.51433307,0.7309699,-1.1481858,0.39408714,0.0,0.0,0.0,1.0,0.0,1.0,0.0,0.0,1.0,2,train
REQ-10086,0.6937357,-1.5383052,-0.8074734,-0.02273953,0.36195418,-1.0501729,1.0,0.0,0.0,0.0,0.0,0.0,1.0,0.0,1.0,2,train
REQ-10087,-0.63444203,-0.58537275,1.3341073,1.3606511,0.02636749,0.34823766,0.0,0.0,0.0,1.0,0.0,0.0,1.0,0.0,1.0,2,train
REQ-10088,-0.63444203,-1.5383052,0.08855903,0.37796667,-0.9803926,-0.63752717,1.0,0.0,0.0,0.0,0.0,1.0,0.0,0.0,1.0,2,test
REQ-10089,0.6937357,-1.061839,-0.45160252,0.9599449,0.02636749,-0.38535482,0.0,1.0,0.0,0.0,0.0,1.0,0.0,0.0,1.0,2,test
REQ-10090,-1.1325086,-0.10890656,0.20930094,0.43521047,-0.14142585,0.48578608,1.0,0.0,0.0,0.0,0.0,0.0,1.0,1.0,0.0,2,validation
REQ-10091,0.3616913,0.84402585,0.063139625,0.7309699,-0.6448059,0.07314032,1.0,0.0,0.0,0.0,0.0,0.0,1.0,1.0,0.0,2,test
REQ-10092,0.6937357,-1.061839,-0.06395703,0.25393862,0.19416083,0.64625937,0.0,1.0,0.0,0.0,0.0,0.0,1.0,0.0,1.0,2,train
REQ-10093,0.02964687,1.3204921,-0.24824764,-0.44252706,-0.30921918,1.08183,0.0,0.0,0.0,1.0,0.0,1.0,0.0,1.0,0.0,2,train
REQ-10094,-0.8004642,-0.10890656,1.5247526,-0.84323347,-0.47701254,0.64625937,0.0,0.0,0.0,1.0,0.0,0.0,1.0,1.0,0.0,2,test
REQ-10095,0.52771354,-1.061839,-0.36898953,0.75005126,-0.14142585,0.78380805,0.0,1.0,0.0,0.0,1.0,0.0,0.0,0.0,1.0,2,validation
REQ-10096,0.3616913,-0.58537275,-0.43253785,-0.6810428,-1.3159792,-0.270731,0.0,0.0,0.0,1.0,0.0,1.0,0.0,1.0,0.0,2,train
REQ-10097,0.3616913,-0.58537275,0.08855903,0.23485728,-0.81259924,-0.47705388,0.0,0.0,0.0,1.0,0.0,0.0,1.0,0.0,1.0,2,train
REQ-10098,-0.4684198,-0.58537275,0.72404265,0.25393862,-0.81259924,0.73795855,0.0,1.0,0.0,0.0,1.0,0.0,0.0,0.0,1.0,2,train
REQ-10099,0.3616913,-1.5383052,0.08855903,-0.19447091,-1.4837726,-0.17903194,0.0,1.0,0.0,0.0,0.0,1.0,0.0,1.0,0.0,2,test
REQ-10100,-0.4684198,0.84402585,0.38088164,0.41612932,-0.6448059,0.34823766,1.0,0.0,0.0,0.0,0.0,0.0,1.0,1.0,0.0,2,train
REQ-10101,0.85975796,-0.58537275,-0.09573119,0.17761366,-0.47701254,1.3569272,0.0,0.0,0.0,1.0,0.0,0.0,1.0,0.0,1.0,2,validation
REQ-10102,-0.63444203,-1.061839,0.120333195,0.32072306,0.5297475,1.8154224,0.0,0.0,0.0,1.0,0.0,0.0,1.0,1.0,0.0,2,train
REQ-10103,0.85975796,-0.58537275,0.08855903,0.9599449,0.19416083,-0.5916777,1.0,0.0,0.0,0.0,1.0,0.0,0.0,0.0,1.0,2,train
REQ-10104,0.85975796,-0.58537275,0.38088164,1.03627,-0.81259924,0.3253128,0.0,1.0,0.0,0.0,1.0,0.0,0.0,1.0,0.0,2,train
REQ-10105,1.0257802,-0.10890656,0.044074975,0.4542918,-1.1481858,-0.40827957,0.0,1.0,0.0,0.0,0.0,0.0,1.0,0.0,1.0,2,test
REQ-10106,-0.4684198,0.84402585,-0.6676669,0.23485728,-1.1481858,1.0359806,0.0,1.0,0.0,0.0,0.0,0.0,1.0,1.0,0.0,2,train
REQ-10107,0.3616913,-0.10890656,-0.40711844,-0.929099,0.02636749,0.5316356,1.0,0.0,0.0,0.0,0.0,0.0,1.0,1.0,0.0,2,train
REQ-10108,-0.30239758,-0.58537275,-0.45795727,1.4846796,1.0331275,-0.1102576,0.0,0.0,0.0,1.0,0.0,0.0,1.0,0.0,1.0,2,test
REQ-10109,-0.30239758,-0.10890656,-0.75027984,0.9504043,-1.1481858,-0.06440812,0.0,0.0,1.0,0.0,0.0,0.0,1.0,0.0,1.0,2,validation
REQ-10110,-0.96648645,0.36755967,0.05678487,0.0822074,-0.47701254,0.18776414,0.0,1.0,0.0,0.0,1.0,0.0,0.0,1.0,0.0,2,train
REQ-10111,-0.30239758,-0.58537275,-1.1569892,-0.8718553,-0.14142585,0.004366211,0.0,1.0,0.0,0.0,0.0,0.0,1.0,0.0,1.0,2,train
REQ-10112,-0.4684198,-0.10890656,1.03543,1.9140078,0.02636749,-0.93554914,0.0,0.0,0.0,1.0,0.0,0.0,1.0,1.0,0.0,2,test
REQ-10113,-1.2985309,-0.10890656,0.21565568,-0.88139594,-0.9803926,0.210689,0.0,0.0,0.0,1.0,1.0,0.0,0.0,1.0,0.0,2,train
REQ-10114,-0.96648645,-0.10890656,0.26013973,0.20623547,-0.47701254,1.0130557,0.0,0.0,0.0,1.0,0.0,0.0,1.0,1.0,0.0,2,train
REQ-10115,-1.2985309,-0.58537275,-0.03853762,0.7214293,-0.14142585,-1.7379159,0.0,1.0,0.0,0.0,0.0,0.0,1.0,0.0,1.0,2,train
REQ-10116,-0.63444203,-0.58537275,-1.3095055,1.6659513,0.5297475,0.6921091,0.0,0.0,0.0,1.0,0.0,0.0,1.0,1.0,0.0,2,train
REQ-10117,-1.2985309,-1.5383052,-0.51515085,-0.4329866,-0.6448059,-0.36243007,0.0,0.0,1.0,0.0,1.0,0.0,0.0,1.0,0.0,2,train
REQ-10118,-0.30239758,-1.061839,0.26013973,-0.10860513,-0.47701254,0.18776414,0.0,0.0,0.0,1.0,1.0,0.0,0.0,0.0,1.0,2,test
REQ-10119,1.0257802,-1.061839,0.11397844,-0.24217404,-0.30921918,-0.9126244,0.0,0.0,0.0,1.0,0.0,1.0,0.0,1.0,0.0,2,train
REQ-10120,-0.30239758,-0.58537275,0.7049784,0.8454575,-1.8193593,0.64625937,0.0,1.0,0.0,0.0,0.0,0.0,1.0,0.0,1.0,2,train
REQ-10121,0.02964687,-0.58537275,0.101268545,-0.65242094,-0.14142585,0.5087109,0.0,0.0,0.0,1.0,0.0,0.0,1.0,1.0,0.0,2,test
REQ-10122,0.02964687,0.84402585,-0.13386048,0.18715414,-0.81259924,0.027290843,0.0,1.0,0.0,0.0,0.0,1.0,0.0,1.0,0.0,2,train
REQ-10123,-0.8004642,0.84402585,0.95281696,0.75005126,-0.30921918,-1.6691415,1.0,0.0,0.0,0.0,0.0,0.0,1.0,0.0,1.0,2,train
REQ-10124,-1.1325086,-0.58537275,0.73675257,0.034504265,-0.6448059,-0.72922623,0.0,1.0,0.0,0.0,0.0,0.0,1.0,0.0,1.0,2,train
REQ-10125,-0.63444203,-1.061839,-0.5087957,-0.41390526,0.19416083,-0.17903194,0.0,1.0,0.0,0.0,0.0,0.0,1.0,0.0,1.0,2,train
REQ-10126,0.6937357,0.84402585,0.22836559,-0.8527741,-0.6448059,-0.018558638,0.0,1.0,0.0,0.0,0.0,0.0,1.0,0.0,1.0,2,train
REQ-10127,-0.4684198,-0.58537275,-0.75027984,0.4542918,0.02636749,0.57748526,1.0,0.0,0.0,0.0,0.0,1.0,0.0,0.0,1.0,2,test
REQ-10128,-0.13637535,-1.061839,0.41901055,-0.36620212,-0.14142585,0.6921091,0.0,1.0,0.0,0.0,0.0,0.0,1.0,1.0,0.0,2,train
REQ-10129,0.19566908,-1.5383052,1.3785914,0.66418546,-0.30921918,-1.141872,0.0,1.0,0.0,0.0,0.0,0.0,1.0,1.0,0.0,2,test
REQ-10130,-1.1325086,-0.58537275,0.08855903,-0.5093115,-0.14142585,0.27946332,0.0,1.0,0.0,0.0,0.0,0.0,1.0,1.0,0.0,2,train
REQ-10131,1.0257802,-0.58537275,0.06949438,-0.5665553,0.36195418,0.78380805,0.0,0.0,0.0,1.0,0.0,0.0,1.0,0.0,1.0,2,train
REQ-10132,0.3616913,-0.10890656,-0.13386048,-1.1389929,-0.6448059,0.78380805,0.0,1.0,0.0,0.0,0.0,0.0,1.0,1.0,0.0,2,train
REQ-10133,0.02964687,-1.061839,-0.89008605,1.4178951,-0.9803926,-1.3023453,0.0,0.0,1.0,0.0,0.0,0.0,1.0,0.0,1.0,2,train
REQ-10134,-0.96648645,0.84402585,0.61601067,0.4256698,-1.4837726,0.8525824,0.0,0.0,0.0,1.0,0.0,0.0,1.0,0.0,1.0,2,train
REQ-10135,-1.2985309,-1.061839,-0.40711844,0.626023,-0.6448059,0.37116227,0.0,1.0,0.0,0.0,0.0,0.0,1.0,1.0,0.0,2,train
REQ-10136,0.85975796,-1.061839,-0.00040870137,0.34934488,-0.9803926,-0.9126244,0.0,1.0,0.0,0.0,0.0,1.0,0.0,0.0,1.0,2,train
REQ-10137,-0.63444203,-0.58537275,-1.5382798,-0.53793335,0.02636749,-1.0730977,0.0,0.0,0.0,1.0,0.0,0.0,1.0,0.0,1.0,2,test
REQ-10138,-1.1325086,-0.58537275,0.7875914,1.3797325,-0.6448059,0.210689,0.0,0.0,0.0,1.0,0.0,1.0,0.0,0.0,1.0,2,test
REQ-10139,-0.30239758,-0.58537275,-0.31815073,-0.27079585,-0.81259924,0.5087109,0.0,1.0,0.0,0.0,0.0,0.0,1.0,0.0,1.0,2,train
REQ-10140,-0.96648645,-0.58537275,1.4103656,0.397048,0.19416083,-0.1102576,0.0,0.0,0.0,1.0,1.0,0.0,0.0,0.0,1.0,2,test
REQ-10141,0.19566908,-0.58537275,-0.089376435,0.0058822776,-0.81259924,-0.24780627,0.0,0.0,0.0,1.0,0.0,1.0,0.0,0.0,1.0,2,train
REQ-10142,0.85975796,-1.061839,0.44442996,0.57831985,-1.3159792,-1.4857434,0.0,0.0,0.0,1.0,1.0,0.0,0.0,0.0,1.0,2,validation
REQ-10143,-0.4684198,-0.58537275,0.9782364,0.30164173,-0.81259924,0.11899003,0.0,0.0,0.0,1.0,0.0,0.0,1.0,0.0,1.0,2,train
REQ-10144,-1.1325086,-0.10890656,0.6414301,-1.1294522,0.36195418,1.2652282,0.0,0.0,0.0,1.0,0.0,0.0,1.0,1.0,0.0,2,train
REQ-10145,-0.4684198,-0.10890656,-0.070312165,-0.23263338,-0.6448059,-0.660452,0.0,1.0,0.0,0.0,0.0,0.0,1.0,1.0,0.0,2,train
REQ-10146,0.6937357,-1.061839,-0.47702155,0.41612932,1.0331275,0.09606517,0.0,1.0,0.0,0.0,0.0,0.0,1.0,0.0,1.0,2,test
REQ-10147,0.02964687,-0.58537275,1.187946,0.2921011,-0.14142585,1.2423033,0.0,0.0,0.0,1.0,0.0,1.0,0.0,1.0,0.0,2,train
REQ-10148,-1.2985309,-1.061839,-1.055312,-1.7591336,-0.47701254,0.39408714,0.0,0.0,0.0,1.0,0.0,0.0,1.0,0.0,1.0,2,test
REQ-10149,1.0257802,-0.58537275,0.9464622,0.33026353,-0.47701254,0.9672062,0.0,1.0,0.0,0.0,0.0,0.0,1.0,1.0,0.0,2,train
REQ-10150,-0.4684198,0.36755967,0.14575261,0.06312607,-0.81259924,0.6921091,0.0,0.0,0.0,1.0,0.0,1.0,0.0,0.0,1.0,2,train
REQ-10151,-0.8004642,0.36755967,-0.87102175,2.724961,1.3687142,-0.47705388,0.0,0.0,0.0,1.0,1.0,0.0,0.0,0.0,1.0,3,train
REQ-10152,0.3616913,-1.061839,-0.48973143,-0.81461155,-1.1481858,-0.88969964,0.0,0.0,0.0,1.0,0.0,0.0,1.0,0.0,1.0,3,validation
REQ-10153,1.1918024,-0.10890656,-1.5764087,0.2825604,0.6975409,-0.95847386,1.0,0.0,0.0,0.0,0.0,0.0,1.0,0.0,1.0,3,test
REQ-10154,-0.4684198,-0.58537275,-0.27366665,1.2270826,-0.6448059,-1.7379159,0.0,0.0,0.0,1.0,0.0,0.0,1.0,0.0,1.0,3,validation
REQ-10155,0.19566908,2.2734246,-1.0743766,-0.28987718,0.19416083,-0.77507585,0.0,0.0,1.0,0.0,0.0,1.0,0.0,0.0,1.0,3,train
REQ-10156,-0.4684198,-1.5383052,-0.9027959,1.4083543,0.19416083,-0.98139864,1.0,0.0,0.0,0.0,0.0,0.0,1.0,0.0,1.0,3,train
REQ-10157,-0.13637535,-0.10890656,-0.4261831,0.8359169,1.8720943,-0.61460245,0.0,1.0,0.0,0.0,1.0,0.0,0.0,0.0,1.0,3,train
REQ-10158,-2.128642,-0.10890656,1.4294298,1.5991668,-0.47701254,-0.8667748,0.0,1.0,0.0,0.0,1.0,0.0,0.0,0.0,1.0,3,train
REQ-10159,0.6937357,-1.061839,-0.45160252,0.35888553,1.7043009,-1.0501729,0.0,1.0,0.0,0.0,1.0,0.0,0.0,1.0,0.0,3,train
REQ-10160,1.1918024,-0.10890656,-1.0934409,3.135208,-0.30921918,-1.1189473,0.0,1.0,0.0,0.0,1.0,0.0,0.0,0.0,1.0,3,train
REQ-10161,-2.128642,-0.10890656,0.07584914,0.57831985,0.5297475,-0.6833768,0.0,1.0,0.0,0.0,1.0,0.0,0.0,0.0,1.0,3,train
REQ-10162,-1.1325086,0.84402585,-0.4388926,-0.02273953,0.36195418,-0.08733297,1.0,0.0,0.0,0.0,0.0,0.0,1.0,0.0,1.0,3,validation
REQ-10163,1.5238469,-0.58537275,0.32368806,-0.03228019,-0.30921918,-1.7379159,1.0,0.0,0.0,0.0,1.0,0.0,0.0,1.0,0.0,3,train
REQ-10164,-1.2985309,0.36755967,0.23472033,-0.079983324,0.02636749,-0.56875294,0.0,1.0,0.0,0.0,1.0,0.0,0.0,0.0,1.0,3,train
REQ-10165,-1.4645531,0.84402585,-0.7884088,0.35888553,0.36195418,-0.3165806,0.0,1.0,0.0,0.0,0.0,1.0,0.0,0.0,1.0,3,test
REQ-10166,-2.128642,0.84402585,-0.782054,0.67372614,0.6975409,-1.0272483,0.0,1.0,0.0,0.0,1.0,0.0,0.0,0.0,1.0,3,validation
REQ-10167,-0.4684198,-0.58537275,-0.8392476,1.03627,0.02636749,-0.33950534,1.0,0.0,0.0,0.0,1.0,0.0,0.0,0.0,1.0,3,train
REQ-10168,0.52771354,-0.10890656,-1.5636991,0.8168355,-0.81259924,-1.7379159,1.0,0.0,0.0,0.0,0.0,0.0,1.0,0.0,1.0,3,train
REQ-10169,-0.4684198,0.84402585,-1.1061507,1.9617109,1.0331275,-1.0272483,0.0,1.0,0.0,0.0,1.0,0.0,0.0,1.0,0.0,3,train
REQ-10170,-0.96648645,1.3204921,0.91468805,1.8186015,-0.81259924,-1.3940444,0.0,1.0,0.0,0.0,1.0,0.0,0.0,1.0,0.0,3,train
REQ-10171,-1.9626198,0.84402585,-0.4261831,0.6355637,0.5297475,-0.3165806,0.0,0.0,0.0,1.0,1.0,0.0,0.0,1.0,0.0,3,train
REQ-10172,-2.128642,0.84402585,-0.8837313,-0.11814579,1.2009209,-0.17903194,0.0,1.0,0.0,0.0,0.0,0.0,1.0,0.0,1.0,3,train
REQ-10173,0.6937357,0.84402585,-0.089376435,0.35888553,0.6975409,-0.22488153,1.0,0.0,0.0,0.0,1.0,0.0,0.0,1.0,0.0,3,test
REQ-10174,-0.13637535,0.36755967,-1.1125056,-0.21355206,-0.14142585,-0.17903194,0.0,1.0,0.0,0.0,0.0,0.0,1.0,1.0,0.0,3,train
REQ-10175,0.3616913,0.36755967,-0.089376435,1.0458106,-0.9803926,-0.40827957,1.0,0.0,0.0,0.0,1.0,0.0,0.0,0.0,1.0,3,train
REQ-10176,1.5238469,-0.10890656,-1.1125056,2.085739,0.6975409,-1.233571,0.0,0.0,0.0,1.0,1.0,0.0,0.0,0.0,1.0,3,train
REQ-10177,0.6937357,0.36755967,-0.08302168,2.7345014,-0.14142585,-0.3165806,0.0,1.0,0.0,0.0,0.0,0.0,1.0,0.0,1.0,3,train
REQ-10178,1.5238469,-0.10890656,-2.7012153,1.5228418,-0.6448059,-1.6691415,1.0,0.0,0.0,0.0,1.0,0.0,0.0,1.0,0.0,3,train
REQ-10179,-1.1325086,2.2734246,0.14575261,-0.46160838,0.36195418,-1.7379159,1.0,0.0,0.0,0.0,0.0,0.0,1.0,1.0,0.0,3,train
REQ-10180,-1.4645531,-1.061839,-0.46431202,0.4256698,1.2009209,-1.5774425,0.0,1.0,0.0,0.0,1.0,0.0,0.0,1.0,0.0,3,train
REQ-10181,-0.63444203,-1.061839,0.025010705,0.65464497,0.5297475,-1.5545176,0.0,1.0,0.0,0.0,1.0,0.0,0.0,1.0,0.0,3,validation
REQ-10182,0.85975796,0.36755967,-1.0870862,2.5246077,1.0331275,-1.7379159,0.0,1.0,0.0,0.0,1.0,0.0,0.0,1.0,0.0,3,train
REQ-10183,1.5238469,-1.061839,0.40630105,0.05358541,-0.47701254,-1.623292,0.0,0.0,1.0,0.0,0.0,1.0,0.0,1.0,0.0,3,train
REQ-10184,-2.128642,0.36755967,0.72404265,0.34934488,0.19416083,-0.56875294,0.0,1.0,0.0,0.0,1.0,0.0,0.0,0.0,1.0,3,test
REQ-10185,-1.4645531,-0.10890656,0.5333977,1.4846796,1.3687142,-1.7379159,0.0,0.0,0.0,1.0,0.0,0.0,1.0,1.0,0.0,3,train
REQ-10186,-1.2985309,1.3204921,-0.47702155,1.8949264,-0.14142585,-0.7063015,1.0,0.0,0.0,0.0,0.0,0.0,1.0,1.0,0.0,3,validation
REQ-10187,-0.13637535,-0.10890656,-1.1633444,2.333795,1.5365076,-1.7379159,1.0,0.0,0.0,0.0,1.0,0.0,0.0,0.0,1.0,3,test
REQ-10188,-1.2985309,0.36755967,-1.2014732,0.5878605,0.6975409,-0.8667748,0.0,0.0,0.0,1.0,1.0,0.0,0.0,1.0,0.0,3,validation
REQ-10189,0.02964687,-0.58537275,0.18388152,0.626023,-0.30921918,-0.8667748,0.0,1.0,0.0,0.0,1.0,0.0,0.0,0.0,1.0,3,train
REQ-10190,-0.4684198,-0.58537275,-0.29908606,1.5228418,1.7043009,-1.0730977,0.0,0.0,1.0,0.0,0.0,1.0,0.0,0.0,1.0,3,train
REQ-10191,-0.8004642,-1.061839,0.99730104,1.5419232,0.36195418,-1.7379159,0.0,0.0,0.0,1.0,1.0,0.0,0.0,1.0,0.0,3,train
REQ-10192,-0.13637535,-1.061839,-0.24824764,-0.3471208,0.02636749,-1.3940444,0.0,0.0,1.0,0.0,0.0,0.0,1.0,1.0,0.0,3,train
REQ-10193,-0.4684198,-1.5383052,-0.03853762,2.8966923,0.5297475,-0.38535482,0.0,0.0,1.0,0.0,1.0,0.0,0.0,0.0,1.0,3,validation
REQ-10194,0.3616913,-0.10890656,-1.2777313,2.3719578,-0.30921918,-1.4398938,1.0,0.0,0.0,0.0,1.0,0.0,0.0,1.0,0.0,3,train
REQ-10195,-0.63444203,0.36755967,0.6477848,-0.35666147,-0.81259924,-0.49997863,0.0,0.0,0.0,1.0,1.0,0.0,0.0,0.0,1.0,3,train
REQ-10196,0.3616913,-1.061839,0.082204275,1.5228418,-0.6448059,-1.348195,0.0,0.0,1.0,0.0,1.0,0.0,0.0,0.0,1.0,3,train
REQ-10197,1.5238469,1.3204921,1.3658814,0.9981074,0.6975409,-0.38535482,0.0,0.0,0.0,1.0,1.0,0.0,0.0,0.0,1.0,3,train
REQ-10198,1.0257802,-0.10890656,1.0672041,-0.03228019,-1.3159792,-0.5229034,1.0,0.0,0.0,0.0,1.0,0.0,0.0,0.0,1.0,3,validation
REQ-10199,0.19566908,0.36755967,-0.3054412,0.2921011,-0.9803926,-0.6833768,0.0,0.0,0.0,1.0,1.0,0.0,0.0,1.0,0.0,3,train
REQ-10200,-1.6305753,-0.58537275,0.18388152,0.7023481,-0.47701254,-0.63752717,0.0,1.0,0.0,0.0,1.0,0.0,0.0,0.0,1.0,3,train
REQ-10201,0.85975796,-0.58537275,1.6836234,-0.051361516,0.19416083,-0.93554914,0.0,0.0,0.0,1.0,0.0,0.0,1.0,0.0,1.0,3,train
REQ-10202,-2.2946641,1.3204921,-1.6145378,1.6087077,-0.9803926,-0.47705388,0.0,1.0,0.0,0.0,1.0,0.0,0.0,0.0,1.0,3,train
REQ-10203,0.85975796,-1.061839,0.34910747,1.6182481,0.8653342,-1.0043235,0.0,1.0,0.0,0.0,0.0,0.0,1.0,0.0,1.0,3,train
REQ-10204,-0.8004642,0.36755967,-0.85195714,0.4829136,-1.4837726,-0.5458282,0.0,0.0,0.0,1.0,1.0,0.0,0.0,0.0,1.0,3,train
REQ-10205,0.6937357,0.36755967,-1.5764087,1.6468699,-0.81259924,-0.4312044,1.0,0.0,0.0,0.0,1.0,0.0,0.0,1.0,0.0,3,test
REQ-10206,-0.8004642,0.36755967,0.0059460555,1.1507577,0.8653342,-0.98139864,1.0,0.0,0.0,0.0,0.0,0.0,1.0,0.0,1.0,3,test
REQ-10207,0.52771354,2.7498908,-0.2673119,0.5019949,-0.47701254,-0.8667748,0.0,0.0,0.0,1.0,0.0,0.0,1.0,0.0,1.0,3,test
REQ-10208,-0.13637535,-1.061839,-0.75663465,0.21577613,0.8653342,-1.0272483,0.0,1.0,0.0,0.0,1.0,0.0,0.0,0.0,1.0,3,train
REQ-10209,-1.6305753,-0.58537275,-0.40711844,0.7309699,1.7043009,-1.233571,0.0,1.0,0.0,0.0,0.0,0.0,1.0,0.0,1.0,3,validation
REQ-10210,0.02964687,0.36755967,-0.09573119,0.5210761,1.2009209,-1.141872,0.0,0.0,1.0,0.0,0.0,0.0,1.0,1.0,0.0,3,train
REQ-10211,0.02964687,0.84402585,-0.13386048,-0.051361516,0.36195418,-0.33950534,0.0,0.0,0.0,1.0,0.0,0.0,1.0,1.0,0.0,3,train
REQ-10212,-1.6305753,0.36755967,-0.9282153,0.397048,-0.30921918,-1.1647967,0.0,1.0,0.0,0.0,1.0,0.0,0.0,0.0,1.0,3,train
REQ-10213,0.02964687,-0.58537275,1.1561718,1.0171887,0.6975409,-0.56875294,0.0,1.0,0.0,0.0,1.0,0.0,0.0,0.0,1.0,3,train
REQ-10214,-0.30239758,0.36755967,-0.26095715,1.6373295,1.8720943,-0.5458282,1.0,0.0,0.0,0.0,1.0,0.0,0.0,0.0,1.0,3,test
REQ-10215,1.5238469,-0.58537275,1.588301,2.3910391,-0.47701254,-1.5545176,0.0,0.0,0.0,1.0,1.0,0.0,0.0,1.0,0.0,3,train
REQ-10216,-0.13637535,0.84402585,-1.2396024,-1.2153178,-0.14142585,-0.61460245,0.0,1.0,0.0,0.0,1.0,0.0,0.0,0.0,1.0,3,train
REQ-10217,-0.8004642,0.84402585,-0.75663465,-0.30895832,1.2009209,-1.6003673,0.0,1.0,0.0,0.0,0.0,0.0,1.0,0.0,1.0,3,train
REQ-10218,-0.96648645,0.84402585,1.03543,1.9140078,-0.81259924,-0.82092535,1.0,0.0,0.0,0.0,1.0,0.0,0.0,0.0,1.0,3,train
REQ-10219,-2.2946641,-0.58537275,-0.4007637,-0.9958835,0.19416083,-0.270731,0.0,0.0,0.0,1.0,0.0,1.0,0.0,0.0,1.0,3,test
REQ-10220,0.02964687,1.3204921,-0.019473352,1.293867,1.5365076,-0.33950534,0.0,0.0,0.0,1.0,0.0,0.0,1.0,0.0,1.0,3,train
REQ-10221,-0.30239758,-0.58537275,0.6223654,0.3111824,-0.81259924,-0.7063015,0.0,1.0,0.0,0.0,0.0,0.0,1.0,0.0,1.0,3,validation
REQ-10222,0.19566908,0.84402585,0.8574945,0.92178243,0.19416083,-0.660452,1.0,0.0,0.0,0.0,1.0,0.0,0.0,0.0,1.0,3,train
REQ-10223,-1.9626198,-0.58537275,-1.125215,1.4655982,-0.47701254,-1.3711196,1.0,0.0,0.0,0.0,0.0,0.0,1.0,1.0,0.0,3,test
REQ-10224,0.52771354,-1.061839,-0.47066677,1.9426296,-0.14142585,-1.5086682,0.0,1.0,0.0,0.0,1.0,0.0,0.0,0.0,1.0,3,validation
REQ-10225,1.1918024,-0.58537275,-1.2332474,0.41612932,-0.14142585,-0.7063015,0.0,1.0,0.0,0.0,1.0,0.0,0.0,0.0,1.0,3,train
REQ-10226,-0.8004642,-0.58537275,0.9782364,1.112595,1.2009209,-1.0960225,0.0,1.0,0.0,0.0,0.0,0.0,1.0,0.0,1.0,3,train
REQ-10227,-0.4684198,-0.10890656,-0.31815073,1.9998732,0.8653342,-0.49997863,0.0,0.0,1.0,0.0,1.0,0.0,0.0,0.0,1.0,3,test
REQ-10228,0.85975796,-1.061839,0.90197814,1.7708983,-0.30921918,-0.77507585,0.0,1.0,0.0,0.0,1.0,0.0,0.0,1.0,0.0,3,train
REQ-10229,0.85975796,0.84402585,0.870204,2.8108263,-0.30921918,-0.13318245,0.0,0.0,0.0,1.0,1.0,0.0,0.0,0.0,1.0,3,test
REQ-10230,1.3578247,0.36755967,-0.94727963,-0.10860513,0.5297475,-0.47705388,1.0,0.0,0.0,0.0,1.0,0.0,0.0,0.0,1.0,3,train
REQ-10231,-0.4684198,-0.58537275,-1.0680215,0.53061676,0.6975409,-0.270731,0.0,1.0,0.0,0.0,0.0,0.0,1.0,1.0,0.0,3,test
REQ-10232,0.3616913,0.84402585,-0.24824764,0.78821373,0.36195418,-0.77507585,0.0,0.0,0.0,1.0,0.0,0.0,1.0,1.0,0.0,3,train
REQ-10233,0.85975796,-0.58537275,0.4507847,1.7899793,-0.47701254,-0.4312044,1.0,0.0,0.0,0.0,0.0,0.0,1.0,0.0,1.0,3,test
REQ-10234,-1.4645531,-0.10890656,1.4612043,0.01542294,1.2009209,-0.6833768,0.0,1.0,0.0,0.0,1.0,0.0,0.0,0.0,1.0,3,train
REQ-10235,1.3578247,-0.58537275,0.20294617,0.92178243,0.36195418,-0.24780627,1.0,0.0,0.0,0.0,1.0,0.0,0.0,0.0,1.0,3,train
REQ-10236,-1.6305753,-0.10890656,0.05043011,-1.3202648,1.2009209,-0.95847386,0.0,0.0,0.0,1.0,1.0,0.0,0.0,1.0,0.0,3,train
REQ-10237,1.1918024,0.36755967,0.7049784,2.286092,-0.6448059,-1.3023453,0.0,1.0,0.0,0.0,0.0,0.0,1.0,0.0,1.0,3,train
REQ-10238,0.52771354,0.84402585,1.0036558,1.7804388,-0.6448059,-1.531593,1.0,0.0,0.0,0.0,0.0,0.0,1.0,0.0,1.0,3,validation
REQ-10239,1.1918024,-0.58537275,-1.3031508,1.236623,0.36195418,-1.7379159,1.0,0.0,0.0,0.0,1.0,0.0,0.0,1.0,0.0,3,train
REQ-10240,1.1918024,1.7969583,1.0608493,2.7154202,2.0398877,-0.93554914,0.0,0.0,0.0,1.0,1.0,0.0,0.0,1.0,0.0,3,test
REQ-10241,-0.8004642,0.36755967,-0.21011834,0.32072306,2.3754742,-1.1189473,0.0,1.0,0.0,0.0,0.0,0.0,1.0,0.0,1.0,3,train
REQ-10242,0.85975796,1.3204921,-1.1760539,0.47337294,0.19416083,-0.36243007,0.0,1.0,0.0,0.0,1.0,0.0,0.0,0.0,1.0,3,train
REQ-10243,-0.13637535,-0.58537275,0.61601067,1.5991668,0.6975409,0.18776414,1.0,0.0,0.0,0.0,0.0,0.0,1.0,1.0,0.0,3,train
REQ-10244,-1.1325086,-0.10890656,0.679559,2.028495,-1.3159792,-0.63752717,1.0,0.0,0.0,0.0,0.0,0.0,1.0,0.0,1.0,3,train
REQ-10245,-1.7965976,-0.10890656,0.2410751,1.5800859,1.3687142,0.41701177,0.0,0.0,1.0,0.0,0.0,0.0,1.0,0.0,1.0,3,train
REQ-10246,1.0257802,-1.061839,0.46349463,2.4864454,0.19416083,-1.0730977,0.0,0.0,0.0,1.0,0.0,0.0,1.0,0.0,1.0,3,validation
REQ-10247,-0.13637535,1.3204921,1.2959784,2.6867983,0.19416083,-0.72922623,0.0,0.0,1.0,0.0,0.0,0.0,1.0,0.0,1.0,3,validation
REQ-10248,-0.13637535,-1.061839,-0.5850539,0.4829136,-1.1481858,-0.8438501,0.0,1.0,0.0,0.0,0.0,0.0,1.0,1.0,0.0,3,train
REQ-10249,-1.7965976,0.36755967,-0.89008605,1.1698385,1.2009209,-0.45412916,0.0,1.0,0.0,0.0,0.0,0.0,1.0,0.0,1.0,3,train
REQ-10250,-0.13637535,-1.061839,-0.9345701,2.0475762,-0.30921918,-0.49997863,0.0,1.0,0.0,0.0,0.0,0.0,1.0,0.0,1.0,3,validation
REQ-10251,-2.2946641,0.84402585,0.9591717,1.03627,-0.30921918,-1.0272483,1.0,0.0,0.0,0.0,1.0,0.0,0.0,0.0,1.0,3,train
REQ-10252,-0.63444203,-1.061839,1.9759461,1.0076482,-0.6448059,-0.17903194,1.0,0.0,0.0,0.0,1.0,0.0,0.0,0.0,1.0,3,test
REQ-10253,-2.128642,-0.58537275,-1.1696991,3.0207202,0.19416083,-0.33950534,1.0,0.0,0.0,0.0,1.0,0.0,0.0,0.0,1.0,3,validation
REQ-10254,0.52771354,0.84402585,-0.5977634,0.2921011,-0.30921918,-0.8438501,0.0,1.0,0.0,0.0,1.0,0.0,0.0,0.0,1.0,3,train
REQ-10255,-1.6305753,0.84402585,-0.36898953,-0.10860513,-0.30921918,-0.752151,1.0,0.0,0.0,0.0,0.0,0.0,1.0,0.0,1.0,3,validation
REQ-10256,0.3616913,0.36755967,0.635075,1.675492,-0.14142585,-1.0501729,0.0,1.0,0.0,0.0,1.0,0.0,0.0,0.0,1.0,3,train
REQ-10257,-1.1325086,0.84402585,0.2919139,0.4542918,-0.30921918,-0.7063015,0.0,1.0,0.0,0.0,1.0,0.0,0.0,0.0,1.0,3,test
REQ-10258,1.1918024,1.3204921,-0.39440894,1.5514636,1.3687142,-1.7379159,0.0,0.0,0.0,1.0,0.0,0.0,1.0,1.0,0.0,3,train
REQ-10259,1.1918024,0.84402585,0.5333977,-0.079983324,0.02636749,-1.0730977,1.0,0.0,0.0,0.0,0.0,0.0,1.0,0.0,1.0,3,train
REQ-10260,-2.2946641,1.3204921,-0.546925,1.7422762,-0.30921918,-1.0960225,0.0,0.0,0.0,1.0,0.0,0.0,1.0,0.0,1.0,3,train
REQ-10261,0.6937357,-0.10890656,0.025010705,-1.520618,-0.47701254,-1.233571,0.0,0.0,0.0,1.0,1.0,0.0,0.0,1.0,0.0,3,train
REQ-10262,-0.63444203,-0.10890656,0.361817,0.7214293,0.36195418,-1.2564958,0.0,0.0,0.0,1.0,1.0,0.0,0.0,0.0,1.0,3,validation
REQ-10263,1.0257802,-1.061839,-0.6422475,1.1316763,-1.4837726,-0.36243007,0.0,1.0,0.0,0.0,1.0,0.0,0.0,0.0,1.0,3,train
REQ-10264,0.6937357,1.7969583,-1.2268927,1.4083543,0.02636749,-0.95847386,0.0,0.0,0.0,1.0,0.0,0.0,1.0,0.0,1.0,3,train
REQ-10265,-1.7965976,-0.58537275,0.61601067,0.98856694,0.36195418,-0.270731,0.0,1.0,0.0,0.0,1.0,0.0,0.0,0.0,1.0,3,train
REQ-10266,1.5238469,-1.061839,-1.6018281,1.9330887,1.2009209,-1.2106463,1.0,0.0,0.0,0.0,1.0,0.0,0.0,0.0,1.0,3,train
REQ-10267,-0.96648645,0.36755967,-0.06395703,0.40658867,0.6975409,0.46286145,1.0,0.0,0.0,0.0,1.0,0.0,0.0,0.0,1.0,3,test
REQ-10268,1.3578247,0.36755967,0.36817175,1.6659513,0.5297475,-1.0960225,0.0,0.0,0.0,1.0,0.0,0.0,1.0,0.0,1.0,3,train
REQ-10269,-1.6305753,0.36755967,1.9759461,2.2002265,-0.81259924,-1.233571,0.0,1.0,0.0,0.0,1.0,0.0,0.0,0.0,1.0,3,train
REQ-10270,0.02964687,-0.10890656,-0.59140867,2.2193074,0.6975409,-0.06440812,1.0,0.0,0.0,0.0,1.0,0.0,0.0,0.0,1.0,3,test
REQ-10271,1.0257802,-0.58537275,-0.10208633,0.3398042,1.3687142,0.07314032,0.0,1.0,0.0,0.0,0.0,0.0,1.0,0.0,1.0,3,train
REQ-10272,-1.6305753,0.84402585,-1.2396024,0.98856694,1.0331275,-0.22488153,1.0,0.0,0.0,0.0,0.0,1.0,0.0,0.0,1.0,3,train
REQ-10273,0.3616913,-0.10890656,0.42536533,1.2270826,0.36195418,-1.6920663,0.0,0.0,0.0,1.0,1.0,0.0,0.0,0.0,1.0,3,validation
REQ-10274,1.3578247,-0.10890656,0.3173333,-0.060902,-0.9803926,-0.08733297,0.0,1.0,0.0,0.0,0.0,0.0,1.0,0.0,1.0,3,train
REQ-10275,-2.2946641,-0.10890656,0.06949438,1.3034075,0.19416083,-0.72922623,0.0,1.0,0.0,0.0,1.0,0.0,0.0,0.0,1.0,3,validation
REQ-10276,0.19566908,0.84402585,1.1371071,1.694573,-0.14142585,-0.93554914,1.0,0.0,0.0,0.0,0.0,1.0,0.0,0.0,1.0,3,train
REQ-10277,0.85975796,0.36755967,0.71133316,1.1698385,-0.81259924,-0.77507585,0.0,1.0,0.0,0.0,1.0,0.0,0.0,0.0,1.0,3,train
REQ-10278,1.0257802,-0.58537275,0.9337527,0.43521047,1.3687142,0.4399366,0.0,1.0,0.0,0.0,0.0,0.0,1.0,0.0,1.0,3,train
REQ-10279,-0.13637535,0.36755967,0.8956234,0.3684262,-1.8193593,-0.8438501,1.0,0.0,0.0,0.0,1.0,0.0,0.0,1.0,0.0,3,train
REQ-10280,1.3578247,-0.10890656,0.54610723,0.90270114,-0.14142585,-1.1647967,0.0,0.0,0.0,1.0,0.0,0.0,1.0,0.0,1.0,3,train
REQ-10281,1.0257802,0.36755967,0.22836559,-0.14676778,0.19416083,-1.141872,0.0,0.0,1.0,0.0,1.0,0.0,0.0,0.0,1.0,3,train
REQ-10282,-1.2985309,0.84402585,1.0163653,0.4542918,-0.30921918,-0.270731,0.0,0.0,0.0,1.0,0.0,0.0,1.0,0.0,1.0,3,train
REQ-10283,-2.2946641,-1.5383052,0.14575261,1.0935136,0.36195418,-0.5229034,0.0,1.0,0.0,0.0,1.0,0.0,0.0,0.0,1.0,3,train
REQ-10284,1.5238469,2.2734246,-0.4261831,0.47337294,0.6975409,-1.5774425,0.0,1.0,0.0,0.0,1.0,0.0,0.0,1.0,0.0,3,train
REQ-10285,-2.2946641,-0.10890656,1.7090429,0.25393862,1.5365076,-1.4169692,1.0,0.0,0.0,0.0,1.0,0.0,0.0,1.0,0.0,3,train
REQ-10286,0.85975796,0.36755967,1.4739139,1.5419232,1.3687142,-0.88969964,0.0,0.0,0.0,1.0,1.0,0.0,0.0,0.0,1.0,3,train
REQ-10287,0.02964687,-1.061839,-0.41347322,1.1316763,0.8653342,-0.752151,0.0,0.0,0.0,1.0,1.0,0.0,0.0,0.0,1.0,3,validation
REQ-10288,0.6937357,0.84402585,-0.10208633,2.2670107,-0.30921918,0.004366211,0.0,0.0,0.0,1.0,0.0,0.0,1.0,0.0,1.0,3,train
REQ-10289,1.1918024,-0.10890656,0.55246234,1.3415701,-0.6448059,-0.4312044,0.0,0.0,1.0,0.0,0.0,0.0,1.0,1.0,0.0,3,train
REQ-10290,-0.30239758,0.84402585,-1.3603443,-0.45206773,1.3687142,-0.06440812,0.0,0.0,0.0,1.0,1.0,0.0,0.0,1.0,0.0,3,test
REQ-10291,-1.4645531,0.36755967,-0.864667,0.7118886,1.5365076,-0.72922623,1.0,0.0,0.0,0.0,0.0,1.0,0.0,0.0,1.0,3,train
REQ-10292,1.1918024,0.84402585,1.187946,1.5514636,0.19416083,-0.88969964,1.0,0.0,0.0,0.0,1.0,0.0,0.0,1.0,0.0,3,test
REQ-10293,0.6937357,0.36755967,1.6073653,1.236623,-0.9803926,-0.752151,0.0,0.0,1.0,0.0,0.0,0.0,1.0,1.0,0.0,3,train
REQ-10294,-0.30239758,-0.58537275,0.9210428,1.1698385,-0.81259924,-1.7379159,0.0,0.0,1.0,0.0,1.0,0.0,0.0,1.0,0.0,3,train
REQ-10295,-1.6305753,-0.58537275,-1.9894733,0.6355637,0.8653342,-0.29365575,1.0,0.0,0.0,0.0,1.0,0.0,0.0,0.0,1.0,3,train
REQ-10296,0.19566908,0.84402585,1.2896236,1.7804388,0.5297475,-0.17903194,0.0,0.0,1.0,0.0,1.0,0.0,0.0,0.0,1.0,3,train
REQ-10297,0.19566908,0.84402585,0.08855903,0.67372614,0.8653342,-1.5086682,0.0,0.0,1.0,0.0,1.0,0.0,0.0,0.0,1.0,3,validation
REQ-10298,0.3616913,0.84402585,0.81936556,0.6832668,-0.9803926,-1.7379159,1.0,0.0,0.0,0.0,0.0,0.0,1.0,0.0,1.0,3,train
REQ-10299,1.0257802,0.84402585,1.3913009,3.0398016,0.02636749,-0.49997863,1.0,0.0,0.0,0.0,0.0,0.0,1.0,0.0,1.0,3,train
REQ-10300,-0.13637535,-1.061839,-1.0680215,0.56877923,0.36195418,-1.0960225,0.0,1.0,0.0,0.0,0.0,0.0,1.0,0.0,1.0,3,train
REQ-10301,1.0257802,-0.10890656,-0.11479584,0.09174788,0.19416083,0.07314032,0.0,1.0,0.0,0.0,1.0,0.0,0.0,1.0,0.0,0,train
REQ-10302,1.5238469,-1.061839,-1.4238926,-0.9481804,0.5297475,-1.0501729,0.0,1.0,0.0,0.0,1.0,0.0,0.0,1.0,0.0,0,validation
REQ-10303,-0.8004642,-1.061839,-0.089376435,-0.0036583852,-0.6448059,-0.9126244,0.0,0.0,0.0,1.0,0.0,0.0,1.0,1.0,0.0,0,train
REQ-10304,1.0257802,-0.58537275,-0.4388926,0.3111824,-1.9871526,-0.6833768,0.0,1.0,0.0,0.0,1.0,0.0,0.0,1.0,0.0,0,test
REQ-10305,0.85975796,-1.061839,0.87655914,0.4256698,-1.1481858,-0.22488153,0.0,0.0,0.0,1.0,0.0,1.0,0.0,1.0,0.0,0,train
REQ-10306,-2.2946641,-0.58537275,-1.099796,-0.8336928,-0.6448059,-0.1102576,0.0,1.0,0.0,0.0,0.0,0.0,1.0,1.0,0.0,0,train
REQ-10307,1.5238469,-1.061839,1.6073653,0.38750735,0.02636749,-0.98139864,0.0,0.0,0.0,1.0,0.0,1.0,0.0,1.0,0.0,0,train
REQ-10308,0.52771354,-1.061839,0.2919139,-0.5188522,-0.30921918,-0.63752717,1.0,0.0,0.0,0.0,0.0,0.0,1.0,0.0,1.0,0,test
REQ-10309,-1.4645531,-0.10890656,-1.6907958,-0.9768022,-1.1481858,0.34823766,1.0,0.0,0.0,0.0,0.0,0.0,1.0,1.0,0.0,0,train
REQ-10310,1.3578247,-0.58537275,-0.9027959,0.7023481,-0.6448059,-0.3165806,0.0,1.0,0.0,0.0,1.0,0.0,0.0,0.0,1.0,0,validation
REQ-10311,-0.4684198,-0.58537275,0.42536533,-0.5093115,-1.1481858,-0.041483488,0.0,1.0,0.0,0.0,0.0,1.0,0.0,1.0,0.0,0,train
REQ-10312,0.02964687,-1.061839,-2.1801186,-0.9481804,-0.30921918,-0.38535482,0.0,1.0,0.0,0.0,0.0,0.0,1.0,1.0,0.0,0,train
REQ-10313,0.6937357,-0.10890656,-2.7456992,0.6355637,-0.47701254,-0.56875294,0.0,1.0,0.0,0.0,0.0,0.0,1.0,1.0,0.0,0,train
REQ-10314,-0.4684198,-0.10890656,-0.0067634583,-0.4234459,-0.47701254,0.62333477,0.0,0.0,1.0,0.0,0.0,0.0,1.0,1.0,0.0,0,train
REQ-10315,-0.13637535,-1.061839,-0.31179595,-0.15630826,-1.6515659,0.34823766,0.0,0.0,1.0,0.0,0.0,0.0,1.0,1.0,0.0,0,train
REQ-10316,1.0257802,-0.10890656,-0.75027984,-1.0531272,-0.9803926,0.39408714,0.0,0.0,0.0,1.0,0.0,0.0,1.0,1.0,0.0,0,train
REQ-10317,0.85975796,-0.10890656,0.99094623,0.64510435,-0.6448059,0.46286145,0.0,0.0,0.0,1.0,0.0,0.0,1.0,1.0,0.0,0,train
REQ-10318,1.3578247,-0.58537275,-0.17198941,1.3034075,-1.1481858,-1.0730977,0.0,0.0,0.0,1.0,1.0,0.0,0.0,1.0,0.0,0,validation
REQ-10319,-0.13637535,-1.5383052,-0.7248605,0.044044748,-1.6515659,0.27946332,0.0,0.0,0.0,1.0,0.0,1.0,0.0,1.0,0.0,0,train
REQ-10320,-0.13637535,-0.10890656,-1.5001507,0.6355637,-0.6448059,-0.270731,0.0,1.0,0.0,0.0,0.0,1.0,0.0,0.0,1.0,0,train
REQ-10321,0.6937357,-1.061839,1.3849461,0.09174788,-1.8193593,-0.33950534,1.0,0.0,0.0,0.0,0.0,0.0,1.0,1.0,0.0,0,validation
REQ-10322,0.6937357,-0.10890656,-2.154699,-1.0340459,-0.30921918,-0.45412916,0.0,0.0,0.0,1.0,0.0,1.0,0.0,1.0,0.0,0,train
REQ-10323,-0.13637535,-0.58537275,-1.5446346,0.09174788,0.36195418,-0.041483488,0.0,1.0,0.0,0.0,0.0,0.0,1.0,1.0,0.0,0,train
REQ-10324,0.6937357,0.84402585,0.43172047,-0.8336928,0.02636749,0.73795855,0.0,1.0,0.0,0.0,1.0,0.0,0.0,1.0,0.0,0,train
REQ-10325,-0.8004642,-1.061839,0.13939784,0.168073,0.19416083,-0.6833768,0.0,1.0,0.0,0.0,0.0,0.0,1.0,1.0,0.0,0,validation
REQ-10326,1.1918024,-0.58537275,-0.66131216,-1.0245053,-0.47701254,-0.9126244,1.0,0.0,0.0,0.0,0.0,0.0,1.0,1.0,0.0,0,validation
REQ-10327,1.5238469,-0.58537275,-0.14657001,-0.64288026,-0.14142585,-0.17903194,1.0,0.0,0.0,0.0,0.0,1.0,0.0,1.0,0.0,0,test
REQ-10328,-2.128642,-0.58537275,-1.8051829,-0.12768646,-0.81259924,-0.018558638,0.0,1.0,0.0,0.0,1.0,0.0,0.0,0.0,1.0,0,test
REQ-10329,0.6937357,-1.061839,-0.8138282,0.20623547,0.36195418,-0.40827957,0.0,1.0,0.0,0.0,0.0,0.0,1.0,1.0,0.0,0,test
REQ-10330,-0.30239758,1.3204921,-0.48973143,0.26347926,-0.6448059,0.6921091,0.0,1.0,0.0,0.0,0.0,0.0,1.0,1.0,0.0,0,test
REQ-10331,-2.2946641,-1.5383052,-1.099796,-1.339346,-0.9803926,-0.40827957,0.0,0.0,0.0,1.0,0.0,0.0,1.0,1.0,0.0,0,train
REQ-10332,1.1918024,-0.10890656,-1.843312,-0.4329866,-1.3159792,0.11899003,0.0,0.0,0.0,1.0,0.0,0.0,1.0,1.0,0.0,0,train
REQ-10333,1.5238469,-0.10890656,1.2197201,-0.38528344,0.36195418,-0.88969964,0.0,1.0,0.0,0.0,0.0,0.0,1.0,0.0,1.0,0,train
REQ-10334,0.6937357,-0.58537275,-0.44524738,0.6164823,-0.81259924,0.46286145,0.0,1.0,0.0,0.0,0.0,0.0,1.0,1.0,0.0,0,train
REQ-10335,0.85975796,-0.10890656,-1.8178927,0.034504265,0.36195418,0.6691842,0.0,1.0,0.0,0.0,0.0,0.0,1.0,1.0,0.0,0,train
REQ-10336,1.1918024,-1.5383052,-1.5573442,-0.318499,-1.8193593,0.07314032,1.0,0.0,0.0,0.0,0.0,0.0,1.0,1.0,0.0,0,validation
REQ-10337,0.19566908,-0.10890656,1.2642043,0.32072306,-1.6515659,0.210689,0.0,1.0,0.0,0.0,0.0,0.0,1.0,1.0,0.0,0,validation
REQ-10338,-1.1325086,0.36755967,-0.8837313,-0.82415223,-1.1481858,-0.018558638,0.0,1.0,0.0,0.0,0.0,0.0,1.0,1.0,0.0,0,validation
REQ-10339,0.6937357,0.84402585,-2.6567314,-0.13722712,-0.30921918,-0.33950534,0.0,0.0,0.0,1.0,0.0,0.0,1.0,1.0,0.0,0,test
REQ-10340,0.85975796,-0.58537275,-0.66131216,-1.263021,-0.30921918,1.1506044,0.0,1.0,0.0,0.0,0.0,0.0,1.0,1.0,0.0,0,train
REQ-10341,0.6937357,-0.10890656,-0.2673119,-0.3471208,-1.8193593,-1.0272483,0.0,0.0,0.0,1.0,0.0,0.0,1.0,1.0,0.0,0,test
REQ-10342,-1.4645531,-1.5383052,0.101268545,0.43521047,-0.47701254,0.027290843,0.0,0.0,0.0,1.0,0.0,1.0,0.0,0.0,1.0,0,train
REQ-10343,0.85975796,-1.061839,0.635075,0.397048,0.36195418,-0.5229034,1.0,0.0,0.0,0.0,0.0,0.0,1.0,0.0,1.0,0,train
REQ-10344,-1.1325086,-0.10890656,-0.820183,0.27301994,-0.6448059,0.39408714,0.0,0.0,0.0,1.0,0.0,0.0,1.0,1.0,0.0,0,train
REQ-10345,1.1918024,-1.061839,0.32368806,-0.7478272,-1.9871526,-0.93554914,0.0,1.0,0.0,0.0,0.0,0.0,1.0,1.0,0.0,0,train
REQ-10346,0.3616913,-0.58537275,-1.442957,-0.041820854,-1.9871526,-0.20195678,0.0,0.0,1.0,0.0,0.0,1.0,0.0,0.0,1.0,0,train
REQ-10347,-1.9626198,-0.58537275,0.679559,0.32072306,-0.30921918,-1.3711196,0.0,1.0,0.0,0.0,0.0,0.0,1.0,0.0,1.0,0,train
REQ-10348,-0.13637535,-0.10890656,-1.7606992,0.64510435,-0.47701254,0.14191465,0.0,0.0,0.0,1.0,0.0,0.0,1.0,0.0,1.0,0,validation
REQ-10349,1.5238469,0.36755967,-0.032182865,0.67372614,-0.30921918,0.92135674,1.0,0.0,0.0,0.0,0.0,0.0,1.0,0.0,1.0,0,test
REQ-10350,1.1918024,-1.5383052,-1.6018281,0.044044748,-0.47701254,0.23361383,1.0,0.0,0.0,0.0,0.0,0.0,1.0,1.0,0.0,0,test
REQ-10351,0.85975796,-0.10890656,-0.31179595,0.9122418,-0.47701254,-0.63752717,0.0,0.0,0.0,1.0,0.0,0.0,1.0,1.0,0.0,0,train
REQ-10352,-0.8004642,-0.10890656,-1.4111829,0.397048,-0.81259924,-0.24780627,1.0,0.0,0.0,0.0,0.0,0.0,1.0,1.0,0.0,0,train
REQ-10353,1.3578247,-1.061839,-0.820183,-0.5665553,0.36195418,-0.17903194,0.0,0.0,0.0,1.0,0.0,0.0,1.0,1.0,0.0,0,train
REQ-10354,1.3578247,-0.58537275,-0.89008605,-1.3584273,-1.1481858,-0.7063015,1.0,0.0,0.0,0.0,0.0,0.0,1.0,1.0,0.0,0,train
REQ-10355,-0.8004642,-1.061839,0.3173333,0.14899167,-0.81259924,0.89843184,1.0,0.0,0.0,0.0,0.0,0.0,1.0,1.0,0.0,0,test
REQ-10356,1.1918024,0.36755967,0.44442996,0.06312607,-1.3159792,-0.4312044,0.0,0.0,0.0,1.0,1.0,0.0,0.0,1.0,0.0,0,train
REQ-10357,0.85975796,-0.58537275,0.08855903,0.4542918,-0.6448059,-1.7379159,1.0,0.0,0.0,0.0,0.0,1.0,0.0,0.0,1.0,0,train
REQ-10358,0.3616913,-0.10890656,-1.8115377,-0.44252706,0.02636749,-0.98139864,0.0,1.0,0.0,0.0,1.0,0.0,0.0,0.0,1.0,0,train
REQ-10359,0.6937357,-1.061839,0.5270429,-0.9481804,-0.47701254,-0.270731,1.0,0.0,0.0,0.0,1.0,0.0,0.0,1.0,0.0,0,train
REQ-10360,-1.6305753,-1.061839,-1.3476346,0.2921011,-1.1481858,-0.17903194,0.0,1.0,0.0,0.0,1.0,0.0,0.0,0.0,1.0,0,train
REQ-10361,0.6937357,-1.061839,-1.843312,-0.4234459,0.19416083,0.09606517,0.0,0.0,1.0,0.0,1.0,0.0,0.0,0.0,1.0,0,validation
REQ-10362,0.19566908,-0.10890656,-0.9409248,0.5019949,-1.3159792,-0.56875294,0.0,1.0,0.0,0.0,0.0,1.0,0.0,1.0,0.0,0,train
REQ-10363,0.6937357,0.36755967,-0.61047333,0.41612932,0.02636749,-0.270731,0.0,1.0,0.0,0.0,0.0,1.0,0.0,1.0,0.0,0,train
REQ-10364,-1.7965976,-1.5383052,-0.51515085,-0.6810428,-0.30921918,0.18776414,0.0,0.0,0.0,1.0,0.0,1.0,0.0,0.0,1.0,0,train
REQ-10365,1.0257802,-1.061839,-0.00040870137,-1.1962366,-0.14142585,-1.0730977,0.0,1.0,0.0,0.0,0.0,0.0,1.0,1.0,0.0,0,validation
REQ-10366,0.3616913,-0.10890656,-2.3135703,-0.02273953,-1.1481858,0.27946332,0.0,0.0,0.0,1.0,0.0,0.0,1.0,1.0,0.0,0,train
REQ-10367,1.3578247,-0.58537275,-3.4256666,-0.38528344,-0.9803926,-0.1102576,0.0,1.0,0.0,0.0,0.0,0.0,1.0,1.0,0.0,0,train
REQ-10368,-1.2985309,-0.10890656,-0.1592799,-0.58563656,-1.1481858,-0.8438501,1.0,0.0,0.0,0.0,0.0,0.0,1.0,1.0,0.0,0,train
REQ-10369,-1.1325086,-0.58537275,-2.358054,0.10128854,0.19416083,-0.61460245,0.0,0.0,1.0,0.0,0.0,0.0,1.0,1.0,0.0,0,test
REQ-10370,1.3578247,-0.10890656,0.06949438,-0.7478272,0.19416083,-1.141872,0.0,1.0,0.0,0.0,0.0,1.0,0.0,0.0,1.0,0,train
REQ-10371,1.3578247,-1.5383052,-0.5087957,-0.90047723,-0.81259924,-0.33950534,0.0,1.0,0.0,0.0,0.0,0.0,1.0,1.0,0.0,0,validation
REQ-10372,1.0257802,-0.10890656,-0.654957,0.9313231,-1.9871526,0.1648395,1.0,0.0,0.0,0.0,0.0,0.0,1.0,1.0,0.0,0,train
REQ-10373,1.1918024,-1.061839,-1.1061507,0.13945101,-1.3159792,0.210689,0.0,1.0,0.0,0.0,0.0,1.0,0.0,1.0,0.0,0,train
REQ-10374,-0.13637535,-0.58537275,0.33004284,-0.318499,-1.9871526,0.07314032,1.0,0.0,0.0,0.0,0.0,0.0,1.0,1.0,0.0,0,train
REQ-10375,-1.7965976,-1.5383052,0.34910747,0.3684262,-0.47701254,-1.0043235,0.0,0.0,0.0,1.0,0.0,0.0,1.0,1.0,0.0,0,train
REQ-10376,1.0257802,-0.10890656,0.26013973,-0.47114906,-1.3159792,0.92135674,1.0,0.0,0.0,0.0,1.0,0.0,0.0,1.0,0.0,0,train
REQ-10377,1.1918024,-0.58537275,-1.1887637,0.0058822776,-0.9803926,-0.8438501,0.0,1.0,0.0,0.0,1.0,0.0,0.0,1.0,0.0,0,train
REQ-10378,1.0257802,-1.5383052,-1.5319248,-0.53793335,-1.1481858,0.25653848,0.0,0.0,0.0,1.0,0.0,0.0,1.0,0.0,1.0,0,test
REQ-10379,1.0257802,-1.061839,-0.33721536,0.5401574,-0.9803926,-0.29365575,0.0,0.0,1.0,0.0,0.0,1.0,0.0,0.0,1.0,0,train
REQ-10380,0.6937357,-0.10890656,-0.64860225,-0.13722712,-0.14142585,-0.660452,0.0,0.0,0.0,1.0,0.0,0.0,1.0,0.0,1.0,0,validation
REQ-10381,-0.8004642,-0.58537275,-0.5215056,0.1966948,-0.9803926,-0.63752717,1.0,0.0,0.0,0.0,0.0,0.0,1.0,1.0,0.0,0,train
REQ-10382,1.0257802,-0.10890656,-1.5382798,-1.110371,-1.3159792,-0.82092535,0.0,1.0,0.0,0.0,0.0,0.0,1.0,1.0,0.0,0,train
REQ-10383,1.0257802,-1.061839,-0.089376435,-0.75736785,-1.4837726,-0.36243007,1.0,0.0,0.0,0.0,0.0,0.0,1.0,1.0,0.0,0,train
REQ-10384,1.5238469,-0.58537275,-1.3603443,0.5974012,-0.9803926,0.11899003,0.0,1.0,0.0,0.0,0.0,0.0,1.0,0.0,1.0,0,test
REQ-10385,1.3578247,-1.061839,-1.2268927,0.0058822776,-0.30921918,-0.33950534,0.0,1.0,0.0,0.0,0.0,0.0,1.0,0.0,1.0,0,train
REQ-10386,0.3616913,-1.061839,0.6922685,-0.41390526,-1.9871526,-1.1189473,1.0,0.0,0.0,0.0,0.0,1.0,0.0,0.0,1.0,0,train
REQ-10387,0.85975796,0.84402585,-2.872796,-0.14676778,-1.1481858,-0.041483488,0.0,0.0,0.0,1.0,0.0,0.0,1.0,1.0,0.0,0,train
REQ-10388,0.6937357,0.84402585,-0.3880538,-0.91955847,0.02636749,-0.3165806,0.0,1.0,0.0,0.0,0.0,0.0,1.0,1.0,0.0,0,train
REQ-10389,-0.8004642,0.84402585,0.08855903,0.40658867,0.36195418,-0.06440812,0.0,0.0,0.0,1.0,0.0,0.0,1.0,0.0,1.0,0,train
REQ-10390,-0.8004642,-0.58537275,0.5016235,1.7136544,-0.6448059,-0.33950534,1.0,0.0,0.0,0.0,0.0,0.0,1.0,1.0,0.0,0,train
REQ-10391,0.6937357,-1.5383052,-1.252312,-0.36620212,-0.9803926,-1.141872,1.0,0.0,0.0,0.0,0.0,0.0,1.0,0.0,1.0,0,train
REQ-10392,0.85975796,-1.5383052,-1.843312,-1.0245053,-0.9803926,-0.49997863,0.0,1.0,0.0,0.0,0.0,0.0,1.0,1.0,0.0,0,train
REQ-10393,-0.96648645,-0.10890656,-2.3707635,-0.58563656,-0.81259924,0.6004099,0.0,1.0,0.0,0.0,0.0,0.0,1.0,1.0,0.0,0,train
REQ-10394,-0.63444203,-0.10890656,-0.2418925,-1.0435866,-0.47701254,-0.45412916,0.0,0.0,1.0,0.0,0.0,1.0,0.0,0.0,1.0,0,test
REQ-10395,0.85975796,-0.58537275,-0.5024409,0.20623547,-1.1481858,-0.98139864,1.0,0.0,0.0,0.0,0.0,0.0,1.0,0.0,1.0,0,train
REQ-10396,-0.30239758,-1.061839,-1.7479894,-0.15630826,-1.3159792,-0.041483488,1.0,0.0,0.0,0.0,0.0,0.0,1.0,1.0,0.0,0,test
REQ-10397,1.1918024,-1.5383052,-0.07666692,-0.65242094,-1.3159792,-0.77507585,1.0,0.0,0.0,0.0,0.0,0.0,1.0,1.0,0.0,0,validation
REQ-10398,0.02964687,-1.061839,-0.051247515,-0.24217404,-1.8193593,-0.7980006,0.0,1.0,0.0,0.0,1.0,0.0,0.0,0.0,1.0,0,validation
REQ-10399,-0.30239758,-1.061839,0.13304271,-1.4633741,1.3687142,0.05021569,0.0,0.0,1.0,0.0,0.0,0.0,1.0,1.0,0.0,0,validation
REQ-10400,-1.1325086,-0.58537275,-0.6803764,-0.41390526,-0.9803926,0.5087109,0.0,1.0,0.0,0.0,0.0,0.0,1.0,0.0,1.0,0,train
REQ-10401,1.5238469,-1.5383052,-2.555054,-0.10860513,-0.9803926,-0.17903194,0.0,0.0,0.0,1.0,0.0,1.0,0.0,1.0,0.0,0,train
REQ-10402,0.85975796,-1.5383052,0.8574945,-0.700124,-1.3159792,-0.5916777,0.0,1.0,0.0,0.0,0.0,1.0,0.0,1.0,0.0,0,train
REQ-10403,1.5238469,-1.5383052,-2.072086,0.0822074,-0.6448059,0.25653848,0.0,0.0,0.0,1.0,0.0,0.0,1.0,0.0,1.0,0,train
REQ-10404,1.3578247,-0.58537275,-0.9981184,-0.14676778,-0.14142585,0.73795855,0.0,0.0,0.0,1.0,1.0,0.0,0.0,1.0,0.0,0,train
REQ-10405,1.3578247,-0.10890656,-0.2418925,0.01542294,-0.47701254,-1.1877215,1.0,0.0,0.0,0.0,0.0,0.0,1.0,1.0,0.0,0,train
REQ-10406,1.1918024,-1.061839,0.30462343,-0.6333397,-1.4837726,-1.531593,0.0,0.0,0.0,1.0,0.0,0.0,1.0,0.0,1.0,0,validation
REQ-10407,1.5238469,-1.5383052,-1.8496668,-0.17538959,-0.30921918,-1.1877215,0.0,1.0,0.0,0.0,0.0,0.0,1.0,0.0,1.0,0,train
REQ-10408,1.1918024,0.36755967,-1.1315702,-0.15630826,-0.14142585,0.7150337,0.0,1.0,0.0,0.0,0.0,0.0,1.0,1.0,0.0,0,train
REQ-10409,1.0257802,0.36755967,-1.6590216,-0.5951771,-1.1481858,-1.348195,0.0,1.0,0.0,0.0,0.0,0.0,1.0,1.0,0.0,0,train
REQ-10410,-0.4684198,-0.58537275,0.75581723,0.23485728,-0.6448059,0.09606517,1.0,0.0,0.0,0.0,0.0,0.0,1.0,1.0,0.0,0,train
REQ-10411,1.3578247,0.36755967,-0.91550547,-0.3471208,0.8653342,-0.33950534,0.0,1.0,0.0,0.0,0.0,1.0,0.0,0.0,1.0,0,train
REQ-10412,1.3578247,-1.5383052,-0.5786992,-0.6047178,-1.4837726,0.34823766,1.0,0.0,0.0,0.0,0.0,0.0,1.0,1.0,0.0,0,test
REQ-10413,0.19566908,0.36755967,-0.3054412,-0.9386397,-0.9803926,-0.5458282,1.0,0.0,0.0,0.0,0.0,0.0,1.0,1.0,0.0,0,validation
REQ-10414,0.85975796,-0.58537275,-0.16563466,-1.2248585,-1.9871526,0.5316356,0.0,0.0,0.0,1.0,0.0,0.0,1.0,1.0,0.0,0,train
REQ-10415,-0.4684198,-1.5383052,-0.73121524,-0.28033653,0.02636749,-0.61460245,0.0,0.0,0.0,1.0,1.0,0.0,0.0,1.0,0.0,0,train
REQ-10416,-0.63444203,-0.10890656,-1.1824087,-0.0036583852,-0.6448059,0.09606517,1.0,0.0,0.0,0.0,0.0,0.0,1.0,1.0,0.0,0,train
REQ-10417,1.3578247,-0.58537275,-0.85195714,-0.28033653,-0.30921918,0.004366211,1.0,0.0,0.0,0.0,0.0,0.0,1.0,1.0,0.0,0,test
REQ-10418,0.6937357,-0.58537275,-1.8560216,-0.33758032,0.02636749,-1.0960225,1.0,0.0,0.0,0.0,1.0,0.0,0.0,0.0,1.0,0,test
REQ-10419,-1.2985309,-1.5383052,-0.22282822,1.2175417,-0.14142585,-0.17903194,0.0,0.0,0.0,1.0,1.0,0.0,0.0,0.0,1.0,0,train
REQ-10420,0.85975796,-0.10890656,-0.67402166,0.7977544,-0.30921918,-0.270731,0.0,1.0,0.0,0.0,0.0,0.0,1.0,1.0,0.0,0,train
REQ-10421,1.5238469,-1.5383052,-1.3349249,-0.49977085,-0.9803926,0.5316356,1.0,0.0,0.0,0.0,0.0,0.0,1.0,0.0,1.0,0,train
REQ-10422,1.0257802,0.84402585,-0.9981184,0.05358541,-1.6515659,-0.1102576,0.0,0.0,1.0,0.0,0.0,0.0,1.0,1.0,0.0,0,train
REQ-10423,-1.6305753,-1.5383052,-0.66131216,-0.2040114,-0.81259924,-0.49997863,0.0,1.0,0.0,0.0,0.0,1.0,0.0,0.0,1.0,0,train
REQ-10424,1.5238469,-1.061839,-1.0044732,0.38750735,-0.9803926,-1.0730977,0.0,1.0,0.0,0.0,1.0,0.0,0.0,1.0,0.0,0,train
REQ-10425,-0.96648645,0.36755967,-1.207828,-0.18493025,-0.81259924,-0.93554914,0.0,1.0,0.0,0.0,1.0,0.0,0.0,1.0,0.0,0,train
REQ-10426,0.85975796,-1.5383052,0.59059125,-1.1580741,-0.9803926,-0.5229034,0.0,1.0,0.0,0.0,0.0,0.0,1.0,1.0,0.0,0,train
REQ-10427,-1.6305753,-0.58537275,-0.29908606,-0.10860513,-0.6448059,0.73795855,0.0,1.0,0.0,0.0,1.0,0.0,0.0,0.0,1.0,0,validation
REQ-10428,-0.96648645,-1.5383052,-2.0212476,0.06312607,-0.14142585,0.09606517,0.0,0.0,0.0,1.0,0.0,0.0,1.0,1.0,0.0,0,train
REQ-10429,0.02964687,-1.061839,1.9759461,-0.13722712,-0.81259924,-0.5229034,0.0,1.0,0.0,0.0,1.0,0.0,0.0,0.0,1.0,0,train
REQ-10430,-1.2985309,-1.061839,-0.1211506,-1.005424,0.02636749,-0.56875294,0.0,0.0,1.0,0.0,0.0,0.0,1.0,1.0,0.0,0,train
REQ-10431,1.3578247,-1.061839,-0.1592799,-1.4538335,-1.1481858,-0.38535482,0.0,0.0,1.0,0.0,0.0,0.0,1.0,0.0,1.0,0,validation
REQ-10432,-2.128642,-1.061839,-1.7098604,-0.8718553,1.0331275,-0.61460245,0.0,1.0,0.0,0.0,0.0,0.0,1.0,1.0,0.0,0,train
REQ-10433,-1.1325086,-1.061839,-0.21011834,0.17761366,-1.4837726,-1.1647967,0.0,0.0,1.0,0.0,0.0,0.0,1.0,1.0,0.0,0,train
REQ-10434,-0.63444203,-1.061839,0.91468805,0.3111824,-1.6515659,-0.20195678,0.0,0.0,0.0,1.0,0.0,0.0,1.0,0.0,1.0,0,train
REQ-10435,-1.1325086,-1.061839,-2.1292799,-0.33758032,-1.4837726,-0.77507585,0.0,1.0,0.0,0.0,0.0,0.0,1.0,1.0,0.0,0,test
REQ-10436,1.0257802,-1.061839,-1.3158604,-0.49977085,-0.47701254,0.23361383,0.0,0.0,0.0,1.0,0.0,0.0,1.0,1.0,0.0,0,validation
REQ-10437,0.85975796,-0.10890656,-3.4256666,0.6355637,-0.14142585,-0.5916777,0.0,0.0,0.0,1.0,0.0,1.0,0.0,0.0,1.0,0,train
REQ-10438,-0.63444203,-0.58537275,-0.8328925,0.9981074,-0.6448059,-0.660452,0.0,1.0,0.0,0.0,0.0,0.0,1.0,1.0,0.0,0,train
REQ-10439,1.5238469,-1.5383052,-0.9409248,-0.0036583852,-0.81259924,0.57748526,0.0,1.0,0.0,0.0,0.0,1.0,0.0,0.0,1.0,0,train
REQ-10440,-2.2946641,-1.061839,-0.044892758,0.7405106,-1.1481858,0.004366211,0.0,1.0,0.0,0.0,0.0,0.0,1.0,1.0,0.0,0,train
REQ-10441,1.5238469,-0.10890656,1.2832685,-0.49977085,-0.14142585,-0.61460245,0.0,0.0,1.0,0.0,0.0,1.0,0.0,0.0,1.0,0,train
REQ-10442,0.6937357,-0.10890656,-3.4256666,-0.61425847,-1.1481858,0.62333477,0.0,1.0,0.0,0.0,1.0,0.0,0.0,1.0,0.0,0,train
REQ-10443,0.85975796,-0.58537275,-0.47066677,-0.24217404,0.02636749,-0.018558638,0.0,1.0,0.0,0.0,0.0,0.0,1.0,1.0,0.0,0,train
REQ-10444,-1.2985309,-0.58537275,-0.3499249,-0.6810428,-0.81259924,-0.041483488,0.0,1.0,0.0,0.0,0.0,0.0,1.0,1.0,0.0,0,test
REQ-10445,-0.13637535,-0.10890656,0.43172047,-0.0036583852,-0.6448059,-0.88969964,1.0,0.0,0.0,0.0,1.0,0.0,0.0,1.0,0.0,0,validation
REQ-10446,-0.30239758,-0.10890656,-0.52786034,0.034504265,-0.6448059,0.27946332,0.0,0.0,1.0,0.0,0.0,0.0,1.0,0.0,1.0,0,train
REQ-10447,1.1918024,-1.061839,-1.3285701,0.20623547,-1.6515659,-0.47705388,0.0,1.0,0.0,0.0,0.0,1.0,0.0,1.0,0.0,0,test
REQ-10448,1.5238469,-0.58537275,-0.76934415,-0.72874594,-0.9803926,-0.8667748,0.0,1.0,0.0,0.0,0.0,0.0,1.0,1.0,0.0,0,train
REQ-10449,-1.4645531,0.36755967,-2.0276022,-0.02273953,-0.14142585,0.73795855,0.0,1.0,0.0,0.0,0.0,1.0,0.0,1.0,0.0,0,train
REQ-10450,0.85975796,0.36755967,-2.4978604,-0.09906465,0.6975409,0.7150337,0.0,0.0,1.0,0.0,0.0,0.0,1.0,1.0,0.0,0,train
REQ-10451,-0.4684198,-0.10890656,0.83207506,-0.07044266,2.711061,2.136369,0.0,1.0,0.0,0.0,0.0,1.0,0.0,1.0,0.0,1,train
REQ-10452,-0.8004642,-0.10890656,0.16481687,-0.9672616,1.3687142,0.6921091,0.0,0.0,1.0,0.0,0.0,0.0,1.0,1.0,0.0,1,train
REQ-10453,0.85975796,0.36755967,-0.24824764,-0.318499,2.207681,1.952971,0.0,0.0,1.0,0.0,0.0,1.0,0.0,1.0,0.0,1,train
REQ-10454,0.6937357,-0.10890656,0.61601067,-0.17538959,1.2009209,-0.45412916,0.0,1.0,0.0,0.0,0.0,1.0,0.0,0.0,1.0,1,train
REQ-10455,0.85975796,-0.58537275,1.3913009,-0.32803965,0.5297475,0.6004099,0.0,1.0,0.0,0.0,0.0,1.0,0.0,1.0,0.0,1,train
REQ-10456,0.3616913,0.84402585,-0.5342151,-1.0722084,0.6975409,1.6778737,0.0,0.0,0.0,1.0,0.0,1.0,0.0,1.0,0.0,1,train
REQ-10457,1.3578247,1.7969583,0.8003009,-1.4061303,1.8720943,-0.22488153,1.0,0.0,0.0,0.0,0.0,0.0,1.0,0.0,1.0,1,train
REQ-10458,0.3616913,2.7498908,-0.4261831,-1.6255649,1.5365076,2.801187,0.0,0.0,0.0,1.0,0.0,0.0,1.0,1.0,0.0,1,train
REQ-10459,1.3578247,1.7969583,0.6604943,-1.0340459,-0.9803926,-1.2106463,1.0,0.0,0.0,0.0,0.0,1.0,0.0,1.0,0.0,1,train
REQ-10460,-0.96648645,0.36755967,0.7049784,-0.929099,0.5297475,0.73795855,1.0,0.0,0.0,0.0,0.0,1.0,0.0,0.0,1.0,1,validation
REQ-10461,0.85975796,0.36755967,-0.070312165,-1.1389929,2.207681,1.1506044,0.0,0.0,0.0,1.0,0.0,0.0,1.0,1.0,0.0,1,train
REQ-10462,0.85975796,-0.10890656,-0.8328925,-1.7400523,3.3822343,1.471551,0.0,0.0,1.0,0.0,0.0,1.0,0.0,1.0,0.0,1,test
REQ-10463,-0.13637535,2.7498908,0.4507847,-1.110371,0.36195418,1.1506044,0.0,1.0,0.0,0.0,0.0,0.0,1.0,1.0,0.0,1,train
REQ-10464,-0.63444203,1.3204921,-0.55327976,-1.8831617,2.0398877,1.4944757,0.0,0.0,0.0,1.0,0.0,1.0,0.0,1.0,0.0,1,validation
REQ-10465,-0.13637535,0.36755967,1.0163653,-0.12768646,1.0331275,1.3340023,0.0,0.0,0.0,1.0,0.0,0.0,1.0,1.0,0.0,1,train
REQ-10466,0.3616913,-0.10890656,1.0672041,-0.7955303,0.5297475,2.8699615,0.0,1.0,0.0,0.0,0.0,0.0,1.0,1.0,0.0,1,train
REQ-10467,1.0257802,2.7498908,-0.54057026,-1.0245053,2.5432677,-0.17903194,1.0,0.0,0.0,0.0,0.0,1.0,0.0,1.0,0.0,1,train
REQ-10468,-0.96648645,2.2734246,0.44442996,-1.873621,1.7043009,-0.660452,0.0,0.0,0.0,1.0,0.0,1.0,0.0,1.0,0.0,1,validation
REQ-10469,-0.96648645,2.2734246,0.2537846,0.90270114,0.36195418,-0.270731,0.0,1.0,0.0,0.0,0.0,0.0,1.0,1.0,0.0,1,validation
REQ-10470,1.1918024,0.84402585,0.43172047,-0.07044266,1.7043009,2.3656166,0.0,1.0,0.0,0.0,0.0,0.0,1.0,1.0,0.0,1,test
REQ-10471,0.19566908,1.3204921,0.844785,-0.71920526,-0.30921918,-0.17903194,0.0,1.0,0.0,0.0,0.0,0.0,1.0,1.0,0.0,1,train
REQ-10472,-0.30239758,0.36755967,1.2451396,-0.24217404,-0.6448059,-0.13318245,0.0,1.0,0.0,0.0,1.0,0.0,0.0,1.0,0.0,1,train
REQ-10473,-1.1325086,4.17929,0.22836559,-1.7018899,1.2009209,1.3110776,0.0,1.0,0.0,0.0,0.0,1.0,0.0,1.0,0.0,1,train
REQ-10474,-0.4684198,2.2734246,0.33004284,-0.5665553,0.36195418,1.1506044,0.0,1.0,0.0,0.0,0.0,0.0,1.0,1.0,0.0,1,train
REQ-10475,1.1918024,-0.58537275,1.7535266,-1.2439398,0.5297475,0.07314032,0.0,1.0,0.0,0.0,0.0,0.0,1.0,1.0,0.0,1,train
REQ-10476,-1.2985309,1.3204921,1.9759461,-0.9386397,2.0398877,0.18776414,1.0,0.0,0.0,0.0,0.0,1.0,0.0,0.0,1.0,1,validation
REQ-10477,0.85975796,-0.58537275,0.361817,-0.5951771,-0.9803926,-0.38535482,0.0,1.0,0.0,0.0,0.0,1.0,0.0,1.0,0.0,1,train
REQ-10478,0.52771354,1.7969583,0.08855903,-1.6541867,0.02636749,0.8067329,0.0,1.0,0.0,0.0,0.0,1.0,0.0,1.0,0.0,1,test
REQ-10479,0.85975796,2.2734246,0.8638492,-1.2534804,1.7043009,0.27946332,1.0,0.0,0.0,0.0,0.0,0.0,1.0,1.0,0.0,1,train
REQ-10480,0.3616913,0.84402585,1.1561718,-1.263021,-0.14142585,2.1822186,0.0,0.0,0.0,1.0,0.0,0.0,1.0,1.0,0.0,1,train
REQ-10481,-0.8004642,-0.58537275,1.0672041,-0.4329866,1.0331275,1.7695726,0.0,0.0,0.0,1.0,0.0,0.0,1.0,1.0,0.0,1,validation
REQ-10482,-1.1325086,0.36755967,0.6223654,0.27301994,-0.6448059,2.136369,0.0,1.0,0.0,0.0,0.0,1.0,0.0,1.0,0.0,1,test
REQ-10483,1.3578247,0.36755967,0.94010746,-1.4633741,2.207681,1.2881528,0.0,0.0,0.0,1.0,0.0,1.0,0.0,1.0,0.0,1,train
REQ-10484,-0.30239758,-0.10890656,0.635075,-0.23263338,0.19416083,1.448626,1.0,0.0,0.0,0.0,0.0,1.0,0.0,1.0,0.0,1,train
REQ-10485,-0.4684198,2.2734246,1.5311074,-0.82415223,1.3687142,2.0675948,0.0,1.0,0.0,0.0,0.0,0.0,1.0,1.0,0.0,1,train
REQ-10486,1.1918024,1.3204921,-0.32450548,0.6069419,1.5365076,0.14191465,0.0,0.0,0.0,1.0,0.0,0.0,1.0,1.0,0.0,1,train
REQ-10487,-1.4645531,1.7969583,1.270559,-1.0722084,0.19416083,2.159294,1.0,0.0,0.0,0.0,0.0,0.0,1.0,1.0,0.0,1,validation
REQ-10488,-1.4645531,-0.58537275,1.7281076,-1.9690273,1.0331275,0.78380805,0.0,0.0,0.0,1.0,0.0,1.0,0.0,1.0,0.0,1,train
REQ-10489,0.6937357,-0.10890656,0.13939784,-0.18493025,2.711061,-0.270731,0.0,0.0,0.0,1.0,0.0,0.0,1.0,1.0,0.0,1,train
REQ-10490,1.0257802,0.36755967,0.15210736,-0.9386397,0.5297475,1.4257015,1.0,0.0,0.0,0.0,0.0,0.0,1.0,1.0,0.0,1,train
REQ-10491,-0.8004642,-0.58537275,1.2070106,-2.0167303,0.6975409,2.9845853,0.0,1.0,0.0,0.0,1.0,0.0,0.0,1.0,0.0,1,train
REQ-10492,-0.96648645,1.3204921,1.7789459,0.38750735,1.7043009,1.9988203,0.0,1.0,0.0,0.0,0.0,1.0,0.0,1.0,0.0,1,train
REQ-10493,-0.30239758,-1.5383052,0.23472033,-0.95772094,1.2009209,0.6691842,0.0,0.0,0.0,1.0,0.0,1.0,0.0,1.0,0.0,1,train
REQ-10494,-0.96648645,-0.10890656,1.0036558,-2.083515,1.3687142,1.4944757,1.0,0.0,0.0,0.0,0.0,1.0,0.0,1.0,0.0,1,train
REQ-10495,-0.8004642,0.36755967,-0.22918299,0.034504265,0.19416083,0.07314032,0.0,1.0,0.0,0.0,0.0,1.0,0.0,1.0,0.0,1,train
REQ-10496,-0.30239758,1.3204921,-0.43253785,-0.78598964,2.0398877,1.3798519,0.0,1.0,0.0,0.0,0.0,0.0,1.0,1.0,0.0,1,test
REQ-10497,-1.4645531,0.36755967,0.6414301,-0.49023017,0.19416083,1.5174004,0.0,0.0,0.0,1.0,0.0,1.0,0.0,1.0,0.0,1,test
REQ-10498,-0.96648645,-0.10890656,1.8996879,-0.4806897,2.0398877,-0.17903194,0.0,0.0,0.0,1.0,0.0,0.0,1.0,1.0,0.0,1,train
REQ-10499,-0.8004642,0.36755967,0.120333195,-1.673268,1.0331275,0.99013084,0.0,1.0,0.0,0.0,0.0,1.0,0.0,1.0,0.0,1,test
REQ-10500,1.3578247,2.2734246,0.4380752,-2.083515,0.19416083,1.4944757,0.0,0.0,0.0,1.0,0.0,0.0,1.0,1.0,0.0,1,train
REQ-10501,-0.8004642,-0.10890656,1.0544946,-0.041820854,-0.81259924,1.2652282,0.0,0.0,0.0,1.0,0.0,1.0,0.0,1.0,0.0,1,train
REQ-10502,0.85975796,2.2734246,0.46984938,-1.5969429,0.36195418,-0.041483488,0.0,0.0,0.0,1.0,0.0,1.0,0.0,1.0,0.0,1,test
REQ-10503,1.3578247,-0.58537275,1.3468173,-1.1676147,0.36195418,0.99013084,1.0,0.0,0.0,0.0,0.0,1.0,0.0,1.0,0.0,1,train
REQ-10504,-1.4645531,1.3204921,0.7049784,-0.9100178,0.6975409,0.5545604,0.0,1.0,0.0,0.0,0.0,0.0,1.0,0.0,1.0,1,train
REQ-10505,-0.4684198,3.226357,1.9759461,0.27301994,1.7043009,1.1047547,0.0,1.0,0.0,0.0,0.0,0.0,1.0,1.0,0.0,1,train
REQ-10506,1.0257802,0.84402585,0.20294617,-1.0340459,0.02636749,0.34823766,1.0,0.0,0.0,0.0,0.0,1.0,0.0,1.0,0.0,1,train
REQ-10507,-0.63444203,1.3204921,-0.546925,-0.8527741,-0.6448059,2.3885415,1.0,0.0,0.0,0.0,0.0,1.0,0.0,1.0,0.0,1,train
REQ-10508,0.02964687,0.36755967,0.844785,0.168073,0.8653342,1.7466482,0.0,1.0,0.0,0.0,0.0,0.0,1.0,1.0,0.0,1,validation
REQ-10509,1.1918024,-0.10890656,1.4040108,-1.4538335,1.3687142,2.5719392,0.0,0.0,0.0,1.0,1.0,0.0,0.0,0.0,1.0,1,train
REQ-10510,0.02964687,1.3204921,0.596946,-0.22309272,2.8788543,1.8383472,0.0,1.0,0.0,0.0,0.0,0.0,1.0,1.0,0.0,1,train
REQ-10511,-1.1325086,2.2734246,1.4993333,-0.49977085,1.7043009,0.92135674,0.0,0.0,1.0,0.0,0.0,0.0,1.0,1.0,0.0,1,train
REQ-10512,-0.96648645,-0.10890656,0.082204275,-2.083515,1.0331275,-0.1102576,0.0,0.0,0.0,1.0,0.0,0.0,1.0,1.0,0.0,1,train
REQ-10513,-0.63444203,2.2734246,1.8361396,-0.75736785,0.02636749,0.41701177,0.0,0.0,0.0,1.0,1.0,0.0,0.0,0.0,1.0,1,train
REQ-10514,0.85975796,3.226357,1.0608493,-1.6160243,-0.30921918,0.9672062,1.0,0.0,0.0,0.0,0.0,1.0,0.0,1.0,0.0,1,train
REQ-10515,0.6937357,0.36755967,-0.85195714,-0.64288026,1.8720943,1.6320242,0.0,1.0,0.0,0.0,1.0,0.0,0.0,1.0,0.0,1,train
REQ-10516,0.85975796,-0.58537275,1.3658814,-1.4442929,0.6975409,-0.15610719,0.0,0.0,0.0,1.0,0.0,1.0,0.0,0.0,1.0,1,train
REQ-10517,-1.1325086,1.7969583,0.3999459,-0.7382865,2.0398877,1.6320242,1.0,0.0,0.0,0.0,0.0,1.0,0.0,1.0,0.0,1,validation
REQ-10518,0.19566908,0.84402585,0.87655914,-0.28987718,2.8788543,1.3340023,0.0,0.0,0.0,1.0,0.0,0.0,1.0,1.0,0.0,1,validation
REQ-10519,-0.13637535,-1.061839,0.9591717,-1.7782148,3.0466475,0.1648395,0.0,0.0,0.0,1.0,0.0,0.0,1.0,1.0,0.0,1,validation
REQ-10520,0.85975796,-0.10890656,1.9759461,-0.11814579,-0.6448059,3.0533595,0.0,0.0,0.0,1.0,0.0,1.0,0.0,1.0,0.0,1,train
REQ-10521,-0.63444203,0.84402585,0.7431073,0.38750735,1.5365076,-0.13318245,0.0,0.0,0.0,1.0,0.0,1.0,0.0,1.0,0.0,1,test
REQ-10522,0.85975796,2.2734246,0.34910747,-1.644646,1.0331275,0.27946332,0.0,0.0,0.0,1.0,0.0,0.0,1.0,1.0,0.0,1,train
REQ-10523,1.3578247,-1.061839,1.9759461,-0.623799,0.5297475,1.1735289,1.0,0.0,0.0,0.0,1.0,0.0,0.0,1.0,0.0,1,train
REQ-10524,-0.8004642,-0.58537275,-0.3880538,0.34934488,1.7043009,2.0217452,1.0,0.0,0.0,0.0,0.0,1.0,0.0,1.0,0.0,1,train
REQ-10525,1.3578247,-0.10890656,0.11397844,-0.9386397,0.8653342,1.1506044,1.0,0.0,0.0,0.0,0.0,0.0,1.0,0.0,1.0,1,train
REQ-10526,0.52771354,0.84402585,1.0100105,-0.4043646,0.6975409,-0.041483488,0.0,1.0,0.0,0.0,0.0,0.0,1.0,0.0,1.0,1,test
REQ-10527,1.0257802,-0.10890656,0.9083333,-0.700124,0.19416083,1.6778737,1.0,0.0,0.0,0.0,0.0,0.0,1.0,1.0,0.0,1,train
REQ-10528,0.02964687,-0.10890656,-0.17834418,-0.58563656,0.6975409,0.37116227,0.0,1.0,0.0,0.0,0.0,0.0,1.0,0.0,1.0,1,test
REQ-10529,-0.63444203,2.2734246,0.279204,-0.82415223,1.2009209,1.2652282,0.0,0.0,0.0,1.0,0.0,1.0,0.0,0.0,1.0,1,train
REQ-10530,-0.63444203,0.36755967,0.6477848,-0.35666147,0.5297475,0.9672062,0.0,0.0,1.0,0.0,0.0,1.0,0.0,1.0,0.0,1,train
REQ-10531,0.02964687,-0.10890656,1.6200751,-0.623799,0.5297475,1.7695726,0.0,0.0,0.0,1.0,0.0,1.0,0.0,1.0,0.0,1,train
REQ-10532,-0.13637535,1.7969583,1.7026881,-1.4824554,0.5297475,2.2280679,0.0,0.0,1.0,0.0,0.0,1.0,0.0,1.0,0.0,1,train
REQ-10533,-0.96648645,-0.10890656,-0.00040870137,-0.7955303,0.8653342,0.875507,0.0,1.0,0.0,0.0,0.0,0.0,1.0,0.0,1.0,1,test
REQ-10534,0.85975796,0.84402585,-0.41347322,-1.5778618,1.3687142,-1.3711196,0.0,0.0,1.0,0.0,0.0,0.0,1.0,1.0,0.0,1,train
REQ-10535,-0.30239758,0.36755967,-0.03853762,-0.72874594,0.8653342,1.7466482,0.0,0.0,0.0,1.0,0.0,0.0,1.0,1.0,0.0,1,validation
REQ-10536,-1.1325086,0.36755967,0.120333195,-2.083515,-0.9803926,-0.22488153,0.0,1.0,0.0,0.0,0.0,0.0,1.0,1.0,0.0,1,train
REQ-10537,0.52771354,0.36755967,0.75581723,-1.8640805,1.2009209,2.8699615,0.0,0.0,0.0,1.0,0.0,1.0,0.0,1.0,0.0,1,validation
REQ-10538,0.6937357,0.84402585,-0.67402166,-0.84323347,1.8720943,1.6090996,0.0,1.0,0.0,0.0,0.0,1.0,0.0,1.0,0.0,1,test
REQ-10539,0.3616913,1.3204921,0.17752677,-1.6351054,2.5432677,-0.82092535,0.0,0.0,0.0,1.0,0.0,1.0,0.0,1.0,0.0,1,train
REQ-10540,0.3616913,-0.10890656,0.69862366,-0.25171453,0.5297475,0.34823766,0.0,0.0,0.0,1.0,0.0,0.0,1.0,1.0,0.0,1,test
REQ-10541,-0.30239758,0.84402585,0.88926864,-0.24217404,0.8653342,0.027290843,0.0,0.0,0.0,1.0,1.0,0.0,0.0,1.0,0.0,1,train
REQ-10542,0.52771354,0.36755967,-0.025828108,-1.415671,1.5365076,-0.13318245,0.0,1.0,0.0,0.0,0.0,0.0,1.0,1.0,0.0,1,train
REQ-10543,-0.63444203,0.84402585,0.28555915,-1.8545399,0.19416083,2.1822186,0.0,0.0,0.0,1.0,0.0,1.0,0.0,1.0,0.0,1,train
REQ-10544,0.52771354,1.7969583,0.73675257,-0.44252706,0.5297475,-0.1102576,0.0,0.0,0.0,1.0,0.0,1.0,0.0,1.0,0.0,1,train
REQ-10545,1.3578247,0.84402585,1.187946,-1.8831617,1.7043009,0.5087109,0.0,0.0,0.0,1.0,0.0,0.0,1.0,1.0,0.0,1,validation
REQ-10546,-1.2985309,1.3204921,0.8130104,0.7214293,1.3687142,-0.1102576,0.0,1.0,0.0,0.0,1.0,0.0,0.0,1.0,0.0,1,train
REQ-10547,0.52771354,1.7969583,-0.43253785,-1.4824554,0.6975409,0.4399366,0.0,0.0,0.0,1.0,0.0,1.0,0.0,0.0,1.0,1,test
REQ-10548,-0.96648645,1.3204921,0.24742985,-1.5301586,0.19416083,0.9672062,0.0,0.0,1.0,0.0,0.0,1.0,0.0,0.0,1.0,1,train
REQ-10549,0.19566908,-0.10890656,-0.2927313,-0.91955847,0.5297475,1.5632498,0.0,1.0,0.0,0.0,1.0,0.0,0.0,1.0,0.0,1,train
REQ-10550,1.0257802,1.7969583,-0.19740883,-0.14676778,2.8788543,0.875507,0.0,1.0,0.0,0.0,0.0,0.0,1.0,1.0,0.0,1,train
REQ-10551,-0.30239758,1.7969583,1.5628816,-1.0435866,0.6975409,-0.63752717,0.0,1.0,0.0,0.0,0.0,1.0,0.0,1.0,0.0,1,train
REQ-10552,0.3616913,0.36755967,-0.73121524,-0.98634285,1.8720943,0.6004099,0.0,0.0,0.0,1.0,0.0,0.0,1.0,1.0,0.0,1,train
REQ-10553,-1.4645531,0.36755967,0.012300813,-1.3870491,0.8653342,1.3340023,0.0,1.0,0.0,0.0,0.0,0.0,1.0,1.0,0.0,1,train
REQ-10554,0.19566908,3.226357,0.025010705,-0.55701464,0.02636749,1.8383472,0.0,0.0,0.0,1.0,0.0,1.0,0.0,0.0,1.0,1,validation
REQ-10555,-0.63444203,-0.10890656,-0.2927313,-0.051361516,1.2009209,0.30238795,0.0,0.0,0.0,1.0,0.0,1.0,0.0,1.0,0.0,1,validation
REQ-10556,1.3578247,1.3204921,0.679559,-0.5951771,1.7043009,2.159294,0.0,1.0,0.0,0.0,0.0,0.0,1.0,1.0,0.0,1,train
REQ-10557,0.85975796,0.84402585,0.19659142,-1.4347522,2.0398877,-0.17903194,0.0,1.0,0.0,0.0,0.0,1.0,0.0,1.0,0.0,1,train
REQ-10558,-0.96648645,1.7969583,0.6096559,-0.27079585,1.7043009,0.99013084,0.0,0.0,0.0,1.0,0.0,1.0,0.0,1.0,0.0,1,train
REQ-10559,0.85975796,1.3204921,0.3999459,-0.49977085,0.36195418,0.57748526,1.0,0.0,0.0,0.0,0.0,1.0,0.0,1.0,0.0,1,validation
REQ-10560,1.0257802,-0.58537275,1.353172,-2.083515,0.19416083,2.0217452,0.0,0.0,0.0,1.0,0.0,0.0,1.0,1.0,0.0,1,test
REQ-10561,1.3578247,0.36755967,0.06949438,-0.079983324,-0.14142585,0.99013084,0.0,1.0,0.0,0.0,0.0,1.0,0.0,1.0,0.0,1,train
REQ-10562,-1.4645531,-0.10890656,1.9759461,-2.0453525,0.5297475,1.2193785,0.0,1.0,0.0,0.0,0.0,1.0,0.0,1.0,0.0,1,train
REQ-10563,0.85975796,1.3204921,0.7875914,-1.0912898,2.8788543,2.709488,1.0,0.0,0.0,0.0,0.0,1.0,0.0,1.0,0.0,1,validation
REQ-10564,0.6937357,-0.58537275,0.39359117,-2.083515,1.0331275,2.2509928,0.0,1.0,0.0,0.0,0.0,1.0,0.0,1.0,0.0,1,train
REQ-10565,0.85975796,0.36755967,0.08855903,-2.083515,2.207681,1.1735289,0.0,0.0,1.0,0.0,0.0,1.0,0.0,1.0,0.0,1,train
REQ-10566,0.19566908,0.36755967,0.3999459,-1.7114304,-1.4837726,1.9071213,0.0,0.0,1.0,0.0,0.0,1.0,0.0,1.0,0.0,1,train
REQ-10567,0.19566908,0.36755967,0.361817,-1.2534804,1.0331275,0.82965755,0.0,0.0,0.0,1.0,1.0,0.0,0.0,1.0,0.0,1,test
REQ-10568,0.6937357,0.36755967,0.34275234,-1.4538335,0.36195418,1.6549491,0.0,1.0,0.0,0.0,0.0,1.0,0.0,0.0,1.0,1,train
REQ-10569,-1.2985309,-0.10890656,1.0163653,-0.9672616,1.8720943,1.4944757,1.0,0.0,0.0,0.0,0.0,0.0,1.0,1.0,0.0,1,validation
REQ-10570,0.02964687,0.84402585,1.7026881,-2.083515,2.207681,-1.2106463,0.0,1.0,0.0,0.0,0.0,0.0,1.0,0.0,1.0,1,test
REQ-10571,1.3578247,2.2734246,1.1943008,-0.3471208,2.207681,2.3197672,0.0,0.0,1.0,0.0,1.0,0.0,0.0,1.0,0.0,1,test
REQ-10572,-1.1325086,0.84402585,0.7431073,-0.91955847,1.0331275,1.7237234,0.0,0.0,0.0,1.0,0.0,1.0,0.0,1.0,0.0,1,train
REQ-10573,-0.30239758,1.3204921,0.08855903,-1.9404055,0.6975409,1.3569272,1.0,0.0,0.0,0.0,0.0,0.0,1.0,1.0,0.0,1,train
REQ-10574,-0.4684198,3.226357,1.2070106,-2.083515,1.0331275,1.7924975,0.0,1.0,0.0,0.0,0.0,0.0,1.0,1.0,0.0,1,train
REQ-10575,0.19566908,-0.58537275,0.48255888,-0.61425847,0.6975409,0.30238795,0.0,0.0,0.0,1.0,0.0,1.0,0.0,1.0,0.0,1,train
REQ-10576,-0.4684198,0.36755967,-0.089376435,-1.0149647,0.6975409,-0.041483488,0.0,0.0,0.0,1.0,0.0,0.0,1.0,1.0,0.0,1,train
REQ-10577,-0.30239758,0.84402585,0.78123623,-1.6541867,1.8720943,0.7150337,0.0,0.0,1.0,0.0,1.0,0.0,0.0,1.0,0.0,1,test
REQ-10578,-1.2985309,2.7498908,1.4612043,0.44475114,-0.47701254,1.3340023,0.0,0.0,0.0,1.0,0.0,1.0,0.0,1.0,0.0,1,validation
REQ-10579,-0.8004642,0.36755967,0.635075,-1.1389929,2.207681,1.5632498,0.0,1.0,0.0,0.0,0.0,0.0,1.0,1.0,0.0,1,train
REQ-10580,0.85975796,0.84402585,-0.089376435,-1.2153178,2.207681,0.4399366,1.0,0.0,0.0,0.0,0.0,0.0,1.0,1.0,0.0,1,test
REQ-10581,-1.2985309,-1.5383052,0.80665565,-0.929099,0.19416083,1.4944757,1.0,0.0,0.0,0.0,0.0,1.0,0.0,1.0,0.0,1,train
REQ-10582,1.0257802,0.36755967,0.101268545,-1.8068367,0.6975409,1.3798519,0.0,0.0,1.0,0.0,0.0,0.0,1.0,1.0,0.0,1,train
REQ-10583,-0.8004642,0.36755967,1.4230751,-0.72874594,1.8720943,-0.72922623,0.0,0.0,1.0,0.0,0.0,1.0,0.0,1.0,0.0,1,train
REQ-10584,-1.2985309,-0.58537275,0.05678487,-1.4633741,1.0331275,2.159294,0.0,0.0,0.0,1.0,0.0,0.0,1.0,1.0,0.0,1,train
REQ-10585,1.3578247,1.3204921,-0.108441085,-1.3775085,-0.47701254,1.952971,0.0,0.0,0.0,1.0,1.0,0.0,0.0,1.0,0.0,1,train
REQ-10586,-0.13637535,-0.58537275,0.34910747,-1.4633741,1.0331275,-0.24780627,0.0,0.0,0.0,1.0,0.0,0.0,1.0,0.0,1.0,1,train
REQ-10587,-1.4645531,1.7969583,0.6414301,-0.7382865,1.0331275,0.62333477,0.0,1.0,0.0,0.0,0.0,1.0,0.0,0.0,1.0,1,train
REQ-10588,-1.1325086,0.84402585,1.1307524,-0.88139594,0.02636749,0.05021569,0.0,1.0,0.0,0.0,0.0,0.0,1.0,1.0,0.0,1,train
REQ-10589,0.19566908,0.84402585,0.7431073,0.5878605,3.214441,-0.82092535,0.0,1.0,0.0,0.0,0.0,1.0,0.0,0.0,1.0,1,test
REQ-10590,-1.2985309,0.84402585,0.6223654,-1.7495929,1.2009209,2.5948641,0.0,1.0,0.0,0.0,0.0,0.0,1.0,1.0,0.0,1,train
REQ-10591,0.02964687,1.3204921,0.31097817,-1.1008303,-0.6448059,0.5087109,0.0,0.0,0.0,1.0,1.0,0.0,0.0,0.0,1.0,1,train
REQ-10592,-0.4684198,1.7969583,1.2133654,-2.083515,1.3687142,1.3569272,0.0,0.0,0.0,1.0,1.0,0.0,0.0,1.0,0.0,1,validation
REQ-10593,-0.13637535,-0.58537275,1.4167203,-1.2916429,-1.1481858,2.0675948,0.0,0.0,0.0,1.0,0.0,1.0,0.0,1.0,0.0,1,train
REQ-10594,-0.63444203,1.7969583,-0.5786992,-1.1294522,2.8788543,3.0304346,0.0,1.0,0.0,0.0,0.0,0.0,1.0,1.0,0.0,1,train
REQ-10595,1.3578247,-0.10890656,0.14575261,-0.4806897,1.2009209,1.8612721,0.0,0.0,0.0,1.0,0.0,0.0,1.0,1.0,0.0,1,train
REQ-10596,-0.30239758,-0.10890656,0.4952688,-0.36620212,1.5365076,-0.5916777,0.0,1.0,0.0,0.0,1.0,0.0,0.0,1.0,0.0,1,test
REQ-10597,0.02964687,1.7969583,1.8679137,-2.083515,1.0331275,2.5260901,0.0,0.0,0.0,1.0,0.0,1.0,0.0,1.0,0.0,1,train
REQ-10598,-1.1325086,-0.58537275,1.4802686,-1.263021,1.5365076,2.2051435,1.0,0.0,0.0,0.0,0.0,1.0,0.0,1.0,0.0,1,validation
REQ-10599,-1.1325086,-0.10890656,0.6477848,-0.805071,1.5365076,-0.29365575,0.0,1.0,0.0,0.0,0.0,0.0,1.0,1.0,0.0,1,train
REQ-10600,0.52771354,-0.10890656,0.75581723,-0.88139594,0.8653342,0.34823766,0.0,0.0,0.0,1.0,0.0,0.0,1.0,1.0,0.0,1,train
